theme,reading_order,authors,year,title,venue,doi,arxiv_id,cited_by_count,is_preprint,is_retracted,relevance_note
1. Classical MOS/EMOS/BMA foundations,,Harry R. Glahn et al.,1972,The Use of Model Output Statistics (MOS) in Objective Weather Forecasting,Journal of applied meteorology,10.1175/1520-0450(1972)011<1203:tuomos>2.0.co;2,,1102,False,False,Origin of MOS: regress observations on NWP output at station locations; defines the paradigm the whole field extends.
1. Classical MOS/EMOS/BMA foundations,3,Tilmann Gneiting et al.,2005,Calibrated Probabilistic Forecasting Using Ensemble Model Output Statistics and Minimum CRPS Estimation,Monthly Weather Review,10.1175/mwr2904.1,,1165,False,False,"EMOS / nonhomogeneous Gaussian regression. THE reference method for 2m temperature; single Gaussian with mean affine in members and variance affine in ensemble variance, fitted by minimum CRPS."
1. Classical MOS/EMOS/BMA foundations,,Adrian E. Raftery et al.,2005,Using Bayesian Model Averaging to Calibrate Forecast Ensembles,Monthly Weather Review,10.1175/mwr2906.1,,1969,False,False,"BMA: predictive distribution as weighted mixture of member-conditioned kernels. Main alternative to EMOS; heavier to fit, rarely better for T2m."
1. Classical MOS/EMOS/BMA foundations,,Tilmann Gneiting et al.,2007,"Strictly Proper Scoring Rules, Prediction, and Estimation",Journal of the American Statistical Association,10.1198/016214506000001437,,5659,False,False,Theory of proper scoring rules; why CRPS is the right training and verification target.
1. Classical MOS/EMOS/BMA foundations,,Tilmann Gneiting et al.,2007,"Probabilistic Forecasts, Calibration and Sharpness",Journal of the Royal Statistical Society Series B (Statistical Methodology),10.1111/j.1467-9868.2007.00587.x,,1788,False,False,Sharpness-subject-to-calibration paradigm; the evaluation philosophy behind all postprocessing benchmarks.
1. Classical MOS/EMOS/BMA foundations,,Laurence J. Wilson et al.,2007,Calibrated Surface Temperature Forecasts from the Canadian Ensemble Prediction System Using Bayesian Model Averaging,Monthly Weather Review,10.1175/mwr3347.1,,114,False,False,Early operational BMA for surface temperature over a large station network (Canada).
1. Classical MOS/EMOS/BMA foundations,,Renate Hagedorn et al.,2008,Probabilistic Forecast Calibration Using ECMWF and GFS Ensemble Reforecasts. Part I: Two-Meter Temperatures,Monthly Weather Review,10.1175/2007mwr2410.1,,187,False,False,"Reforecast-calibrated 2m temperature; quantifies how much of ensemble error is systematic and correctable, and how training length matters."
1. Classical MOS/EMOS/BMA foundations,,Thomas M. Hamill et al.,2008,Probabilistic Forecast Calibration Using ECMWF and GFS Ensemble Reforecasts. Part II: Precipitation,Monthly Weather Review,10.1175/2007mwr2411.1,,231,False,False,Companion precipitation study; contrast case for why temperature is the easy first variable.
1. Classical MOS/EMOS/BMA foundations,,Chris Fraley et al.,2009,Calibrating Multimodel Forecast Ensembles with Exchangeable and Missing Members Using Bayesian Model Averaging,Monthly Weather Review,10.1175/2009mwr3046.1,,153,False,False,Handling exchangeable and MISSING ensemble members - directly relevant to gappy station/member archives.
2. Field reviews,,Wentao Li et al.,2017,A review on statistical postprocessing methods for hydrometeorological ensemble forecasting,Wiley Interdisciplinary Reviews Water,10.1002/wat2.1246,,259,False,False,"Hydrometeorological postprocessing review; complementary taxonomy, more on precipitation and multivariate structure."
2. Field reviews,,Daniel S. Wilks,2018,Univariate Ensemble Postprocessing,Elsevier eBooks,10.1016/b978-0-12-812372-0.00003-0,,51,False,False,Wilks' textbook chapter on univariate ensemble postprocessing - the cleanest formal treatment of EMOS/BMA/logistic regression.
2. Field reviews,1,Stéphane Vannitsem et al.,2020,"Statistical Postprocessing for Weather Forecasts: Review, Challenges, and Avenues in a Big Data World",Bulletin of the American Meteorological Society,10.1175/bams-d-19-0308.1,,198,False,False,"The field review. Read first: taxonomy of methods, verification practice, and open problems."
"3. Extending classical models (boosting, standardized anomalies, time/space structure)",,Michael Scheuerer et al.,2013,"Gridded, locally calibrated, probabilistic temperature forecasts based on ensemble model output statistics",Quarterly Journal of the Royal Meteorological Society,10.1002/qj.2323,,26,False,False,"Gridded, locally calibrated probabilistic temperature via EMOS - the station-to-grid extrapolation problem."
"3. Extending classical models (boosting, standardized anomalies, time/space structure)",,Kira Feldmann et al.,2014,Spatial postprocessing of ensemble forecasts for temperature using nonhomogeneous Gaussian regression,Monthly Weather Review,10.1175/MWR-D-14-00210.1,1407.0058,0,False,False,Spatial extension of NGR for temperature with locally adaptive climatology; Gaussian random field vs ECC for spatial dependence.
"3. Extending classical models (boosting, standardized anomalies, time/space structure)",,Jakob W. Messner et al.,2016,Nonhomogeneous Boosting for Predictor Selection in Ensemble Postprocessing,Monthly Weather Review,10.1175/mwr-d-16-0088.1,,78,False,False,Boosting for predictor selection inside nonhomogeneous regression: how to add many predictors to EMOS without overfitting. The strongest classical benchmark in Rasp and Lerch.
"3. Extending classical models (boosting, standardized anomalies, time/space structure)",11,Markus Dabernig et al.,2016,Spatial ensemble post‐processing with standardized anomalies,Quarterly Journal of the Royal Meteorological Society,10.1002/qj.2975,,74,False,False,"SAMOS: standardized anomalies let ONE model be fitted across many stations at once, removing site and seasonal effects. Key precursor to pooled training."
"3. Extending classical models (boosting, standardized anomalies, time/space structure)",,Manuel Gebetsberger et al.,2018,Estimation Methods for Nonhomogeneous Regression Models: Minimum Continuous Ranked Probability Score versus Maximum Likelihood,Monthly Weather Review,10.1175/mwr-d-17-0364.1,,49,False,False,Estimation choices for nonhomogeneous regression: minimum CRPS vs maximum likelihood. Matters for small per-station samples.
"3. Extending classical models (boosting, standardized anomalies, time/space structure)",,Annette Möller et al.,2019,Probabilistic Temperature Forecasting with a Heteroscedastic Autoregressive Ensemble Postprocessing model,Quarterly Journal of the Royal Meteorological Society,10.1002/qj.3667,1903.06739,0,False,False,Heteroscedastic autoregressive EMOS for temperature: explicit treatment of error autocorrelation in time.
"3. Extending classical models (boosting, standardized anomalies, time/space structure)",,Moritz N. Lang et al.,2020,Remember the past: a comparison of time-adaptive training schemes for non-homogeneous regression,Nonlinear processes in geophysics,10.5194/npg-27-23-2020,,66,False,False,Time-adaptive training schemes for NGR on central-European 2m temperature; how to handle seasonality without a long archive.
"3. Extending classical models (boosting, standardized anomalies, time/space structure)",,David Jobst et al.,2024,Time‐series‐based ensemble model output statistics for temperature forecasts postprocessing,Quarterly Journal of the Royal Meteorological Society,10.1002/qj.4844,,4,False,False,"Time-series EMOS for temperature with seasonality, trend and autoregressive error structure."
4. Operational systems,,Reinhold Hess,2020,Statistical postprocessing of ensemble forecasts for severe weather at Deutscher Wetterdienst,Nonlinear processes in geophysics,10.5194/npg-27-473-2020,,42,False,False,"DWD's operational Ensemble-MOS: what a national service actually runs, and how they treat extremes."
4. Operational systems,,Maxime Taillardat et al.,2020,From research to applications – examples of operational ensemble post-processing in France using machine learning,Nonlinear processes in geophysics,10.5194/npg-27-329-2020,,63,False,False,"Meteo-France operational ML postprocessing at industrial scale, incl. station-based temperature then interpolation to grid."
4. Operational systems,,Kaisa Ylinen et al.,2020,Operational statistical postprocessing of temperature ensemble forecasts with station‐specific predictors,Meteorological Applications,10.1002/met.1971,,2,False,False,Operational station-specific EMOS-type calibration of ECMWF ENS temperature to 240 h over Europe (FMI). Closest operational analogue to the user's setup.
4. Operational systems,,Nigel Roberts et al.,2023,IMPROVER: The New Probabilistic Postprocessing System at the Met Office,Bulletin of the American Meteorological Society,10.1175/bams-d-21-0273.1,,47,False,False,"IMPROVER, the Met Office probabilistic postprocessing system - the framework used in the AIFS postprocessing test below."
5. Machine-learning postprocessing,2,Maxime Taillardat et al.,2016,Calibrated Ensemble Forecasts Using Quantile Regression Forests and Ensemble Model Output Statistics,Monthly Weather Review,10.1175/mwr-d-15-0260.1,,260,False,False,"QRF postprocessing: nonparametric, arbitrary predictors, no distributional assumption. Beat EMOS on Meteo-France PEARP temperature and wind."
5. Machine-learning postprocessing,4,Stephan Rasp et al.,2018,Neural networks for post-processing ensemble weather forecasts,Monthly Weather Review,10.1175/MWR-D-18-0187.1,1805.09091,0,False,False,THE anchor. Distributional regression network for 2m temperature at German stations; introduces STATION EMBEDDINGS in a single globally-pooled network.
5. Machine-learning postprocessing,,John Bjørnar Bremnes,2019,Ensemble Postprocessing Using Quantile Function Regression Based on Neural Networks and Bernstein Polynomials,Monthly Weather Review,10.1175/mwr-d-19-0227.1,,84,False,False,Bernstein quantile network: neural net outputs a flexible quantile function rather than Gaussian parameters. Standard BQN benchmark.
5. Machine-learning postprocessing,,Maxime Taillardat et al.,2019,Forest-Based and Semiparametric Methods for the Postprocessing of Rainfall Ensemble Forecasting,Weather and Forecasting,10.1175/waf-d-18-0149.1,,47,False,False,Forest-based and semiparametric postprocessing (rainfall); shows how tree methods handle the non-Gaussian case.
5. Machine-learning postprocessing,5,Benedikt Schulz et al.,2021,Machine learning methods for postprocessing ensemble forecasts of wind gusts: A systematic comparison,Monthly Weather Review,10.1175/MWR-D-21-0150.1,2106.09512,0,False,False,"The honest benchmark: 8 methods (EMOS, MBM, IDR, gradient-boosted EMOS, QRF, DRN, BQN, HEN) on 175 German stations, 6 years. Best single source for realistic skill ordering."
5. Machine-learning postprocessing,,Peter Grönquist et al.,2021,Deep learning for post-processing ensemble weather forecasts,Philosophical Transactions of the Royal Society A Mathematical Physical and Engineering Sciences,10.1098/rsta.2020.0092,,201,False,False,Deep learning postprocessing on gridded fields; encoder-decoder view rather than station view.
5. Machine-learning postprocessing,,Emy Alerskans et al.,2022,A transformer neural network for predicting <scp>near‐surface</scp> temperature,Meteorological Applications,10.1002/met.2098,,35,False,False,"Transformer postprocessing of 2m temperature trained on >1000 private weather stations; reports bias/STD for raw NWP, LR, NN and transformer. Coastal dependence noted."
5. Machine-learning postprocessing,,Kevin Höhlein et al.,2023,Postprocessing of Ensemble Weather Forecasts Using Permutation-invariant Neural Networks,Artificial Intelligence for the Earth Systems,10.1175/AIES-D-23-0070.1,2309.04452,5,False,False,Permutation-invariant networks treat the ensemble as an unordered SET rather than summary statistics; finds most information sits in few ensemble degrees of freedom.
5. Machine-learning postprocessing,,Francesco Zanetta et al.,2023,Physics-Constrained Deep Learning Postprocessing of Temperature and Humidity,Artificial Intelligence for the Earth Systems,10.1175/aies-d-22-0089.1,,7,False,False,Physics-constrained deep-learning postprocessing enforcing thermodynamic consistency between temperature and humidity; advantage largest when DATA ARE SCARCE.
5. Machine-learning postprocessing,,Aaron Van Poecke et al.,2025,Self-Attentive Transformer for Fast and Accurate Postprocessing of Temperature and Wind Speed Forecasts,Artificial Intelligence for the Earth Systems,10.1175/aies-d-24-0127.1,,1,False,False,"Transformer postprocessing all lead times jointly on EUPPBench; 16.5% CRPS gain for 2m temperature over raw, beating member-by-member benchmark."
6. Benchmarks and distribution-free calibration,,Alexander Henzi et al.,2021,Isotonic Distributional Regression,Journal of the Royal Statistical Society Series B (Statistical Methodology),10.1111/rssb.12450,,47,False,False,Isotonic distributional regression - the theory behind EasyUQ and IDR benchmarks.
6. Benchmarks and distribution-free calibration,8,Jonathan Demaeyer et al.,2023,The EUPPBench postprocessing benchmark dataset v1.0,Earth system science data,10.5194/essd-15-2635-2023,,25,False,False,"EUPPBench: the standard open benchmark dataset of aligned ECMWF ensemble forecasts and station observations, with a 2m temperature baseline suite."
6. Benchmarks and distribution-free calibration,,Jakob Benjamin Wessel et al.,2024,Lead‐time‐continuous statistical postprocessing of ensemble weather forecasts,Quarterly Journal of the Royal Meteorological Society,10.1002/qj.4701,,5,False,False,Lead-time-continuous postprocessing: one model across lead times instead of one model per lead time. Directly reduces the number of fits needed.
6. Benchmarks and distribution-free calibration,10,Eva‐Maria Walz et al.,2024,Easy Uncertainty Quantification (EasyUQ): Generating Predictive Distributions from Single-Valued Model Output,SIAM Review,10.1137/22m1541915,,10,False,False,EasyUQ / isotonic distributional regression: turns a SINGLE-VALUED forecast into a calibrated distribution with almost no tuning. The natural baseline for a deterministic AI model.
"7. Multi-station design: semi-local, pooled, unseen locations",6,Sebastian Lerch et al.,2015,Similarity-based semi-local estimation of EMOS models,Journal of the Royal Statistical Society Series C (Applied Statistics),10.1111/rssc.12153,1509.03521,3,False,False,"Semi-local EMOS: augment each station's training data with data from SIMILAR stations, chosen by distance or by clustering on climatology and forecast-error features. The central answer to per-station vs pooled."
"7. Multi-station design: semi-local, pooled, unseen locations",,A. H. Winstral et al.,2016,Statistical Downscaling of Gridded Wind Speed Data Using Local Topography,Journal of Hydrometeorology,10.1175/jhm-d-16-0054.1,,69,False,False,Statistical downscaling of gridded wind using local topography descriptors - the terrain-predictor construction pattern.
"7. Multi-station design: semi-local, pooled, unseen locations",,Sándor Baran et al.,2024,Clustering-Based Spatial Interpolation of Parametric Postprocessing Models,Weather and Forecasting,10.1175/waf-d-24-0016.1,,4,False,False,Clustering-based spatial interpolation of EMOS parameters to locations with NO training data; beats regionally-estimated and interpolated EMOS.
8. AI forecast models and their postprocessing,,Zied Ben Bouallègue et al.,2024,The Rise of Data-Driven Weather Forecasting: A First Statistical Assessment of Machine Learning–Based Weather Forecasts in an Operational-Like Context,Bulletin of the American Meteorological Society,10.1175/bams-d-23-0162.1,,159,False,False,First systematic assessment of AI forecast models against IFS - establishes where data-driven models win and where they are smooth/biased.
8. AI forecast models and their postprocessing,,Christopher Bülte et al.,2024,Uncertainty quantification for data-driven weather models,arXiv (Cornell University),10.1175/AIES-D-24-0049.1,2403.13458,2,False,False,"Systematic comparison of UQ routes for a deterministic AI model (Pangu): initial-condition ensembles vs statistical/ML post-hoc UQ, over Europe."
8. AI forecast models and their postprocessing,7,Belinda Trotta et al.,2025,Statistical Postprocessing Yields Accurate Probabilistic Forecasts from Artificial Intelligence Weather Models,Artificial Intelligence for the Earth Systems,10.1175/aies-d-25-0037.1,,1,False,False,"The most directly relevant paper: an EXISTING operational postprocessing system (IMPROVER) applied unmodified to AIFS at 569 stations. Postprocessing helps AIFS about as much as it helps NWP, and blending AIFS with NWP beats either."
8. AI forecast models and their postprocessing,,Tilmann Gneiting et al.,2025,Probabilistic measures afford fair comparisons of AIWP and NWP model output,arXiv preprint,,2506.03744,1,True,False,Potential CRPS: fair comparison of AI and physical models by subjecting both to the same IDR postprocessing. The correct way to frame 'is AIFS better here'.
8. AI forecast models and their postprocessing,,Simon Lang et al.,2026,AIFS-CRPS: ensemble forecasting using a model trained with a loss function based on the continuous ranked probability score,npj Artificial Intelligence,10.1038/s44387-026-00073-7,,11,False,False,AIFS-CRPS: ECMWF's AI ensemble trained on almost-fair CRPS; outperforms the IFS ensemble for most variables at medium range. The user's forecast source.
9. Preprints: frontier methods,,Lea Friedli et al.,2019,Area-covering postprocessing of ensemble precipitation forecasts using topographical and seasonal conditions,arXiv preprint,,1912.11827,0,True,False,Area-covering EMOS using topographical and seasonal predictors instead of station identity - how to postprocess where there is no station.
9. Preprints: frontier methods,,Regula Keller et al.,2020,Seamless multi-model postprocessing for air temperature forecasts in complex topography,arXiv preprint,,2008.07857,0,True,False,"Multi-model EMOS blending a convection-permitting LAM with a global ensemble for temperature at Swiss stations; 30% over high-res DMO, 8-12% over single-model EMOS; worst in winter."
9. Preprints: frontier methods,,Anna Vaughan et al.,2021,Convolutional conditional neural processes for local climate downscaling,arXiv preprint,,2101.07950,0,True,False,convCNP downscaling: trained model predicts at ARBITRARY locations including stations with no training data. The 'unseen station' architecture.
9. Preprints: frontier methods,,Simon Lang et al.,2024,AIFS -- ECMWF's data-driven forecasting system,arXiv preprint,,2406.01465,0,True,False,AIFS model description (graph transformer encoder-processor-decoder).
9. Preprints: frontier methods,12,Moritz Feik et al.,2024,Graph Neural Networks and Spatial Information Learning for Post-Processing Ensemble Weather Forecasts,arXiv preprint,,2407.11050,0,True,False,GNN postprocessing: stations as graph nodes with attention over neighbours; substantial gain over a strong DRN baseline for 2m temperature over Europe.
9. Preprints: frontier methods,,David Jobst,2024,Gradient-Boosted Mixture Regression Models for Postprocessing Ensemble Weather Forecasts,arXiv preprint,,2412.09583,0,True,False,"MIXSAMOS-GB: gradient-boosted MIXTURE regression on standardized anomalies; outperforms state-of-the-art postprocessing for German 2m temperature. Pooled-training + boosting, no deep learning."
9. Preprints: frontier methods,,Christopher Bülte et al.,2024,Uncertainty quantification for data-driven weather models,arXiv preprint,10.1175/AIES-D-24-0049.1,2403.13458,2,True,False,Preprint version of the Pangu UQ study.
9. Preprints: frontier methods,,David Jobst et al.,2024,Time Series based Ensemble Model Output Statistics for Temperature Forecasts Postprocessing,arXiv preprint,,2402.00555,4,True,False,Preprint version of the time-series EMOS work.
9. Preprints: frontier methods,,Gabriel Moldovan et al.,2025,An update to ECMWF's machine-learned weather forecast model AIFS,arXiv preprint,,2509.18994,0,True,False,"AIFS update: bounding layers for physical consistency, expanded variable set."
9. Preprints: frontier methods,9,Pedro Sousa et al.,2026,Earth observation embeddings are effective sub-grid descriptors for probabilistic weather downscaling,arXiv preprint,,2608.12271,0,True,False,"Earth-observation foundation-model embeddings as learned sub-grid surface descriptors; +11.5% CRPS for 2m temperature at stations held out in SPACE and time, and works with AI-model input."
