lead,a,b,metric,estimate,lo,hi,n,days,folds,fold_share
0,bilinear dressed,AIFS ENS,me,0.007134,-0.009281,0.023549,33874,210,10,0.725748
0,bilinear dressed,AIFS ENS,rmse,-0.049132,-0.078267,-0.019998,33874,210,10,0.562406
0,bilinear dressed,AIFS ENS,crps,-0.031066,-0.049079,-0.013130,33874,210,10,0.594390
24,bilinear dressed,AIFS ENS,me,0.007039,-0.011408,0.025486,33874,210,10,0.720868
24,bilinear dressed,AIFS ENS,rmse,-0.046333,-0.077130,-0.016426,33874,210,10,0.321485
24,bilinear dressed,AIFS ENS,crps,-0.026220,-0.044627,-0.009113,33874,210,10,0.362844
48,bilinear dressed,AIFS ENS,me,0.007678,-0.011812,0.027168,33874,210,10,0.713061
48,bilinear dressed,AIFS ENS,rmse,-0.039731,-0.066924,-0.014926,33874,210,10,0.190322
48,bilinear dressed,AIFS ENS,crps,-0.022249,-0.038041,-0.007699,33874,210,10,0.268763
72,bilinear dressed,AIFS ENS,me,0.007426,-0.012116,0.026968,33874,210,10,0.718012
72,bilinear dressed,AIFS ENS,rmse,-0.033560,-0.056438,-0.012371,33874,210,10,0.260807
72,bilinear dressed,AIFS ENS,crps,-0.019448,-0.033405,-0.006178,33874,210,10,0.379399
120,bilinear dressed,AIFS ENS,me,0.008111,-0.011408,0.027630,33874,210,10,0.730900
120,bilinear dressed,AIFS ENS,rmse,-0.024242,-0.039147,-0.009609,33874,210,10,0.444226
120,bilinear dressed,AIFS ENS,crps,-0.016003,-0.026656,-0.005803,33874,210,10,0.468175
168,bilinear dressed,AIFS ENS,me,0.007906,-0.011491,0.027302,33874,210,10,0.740655
168,bilinear dressed,AIFS ENS,rmse,-0.020285,-0.032847,-0.007723,33874,210,10,0.399201
168,bilinear dressed,AIFS ENS,crps,-0.013862,-0.023516,-0.004800,33874,210,10,0.494462
0,surface (40 km ring) dressed,AIFS ENS,me,-0.109185,-0.151633,-0.066737,33874,210,10,0.759860
0,surface (40 km ring) dressed,AIFS ENS,rmse,-0.031053,-0.070324,0.008219,33874,210,10,0.494180
0,surface (40 km ring) dressed,AIFS ENS,crps,0.005865,-0.021611,0.033341,33874,210,10,0.564350
24,surface (40 km ring) dressed,AIFS ENS,me,-0.066583,-0.116376,-0.016791,33874,210,10,0.734025
24,surface (40 km ring) dressed,AIFS ENS,rmse,-0.032656,-0.066646,0.001334,33874,210,10,0.431115
24,surface (40 km ring) dressed,AIFS ENS,crps,-0.002495,-0.026027,0.021037,33874,210,10,0.551882
48,surface (40 km ring) dressed,AIFS ENS,me,-0.043016,-0.094593,0.008561,33874,210,10,0.717118
48,surface (40 km ring) dressed,AIFS ENS,rmse,-0.025473,-0.055854,0.004907,33874,210,10,0.409183
48,surface (40 km ring) dressed,AIFS ENS,crps,-0.001698,-0.023066,0.019671,33874,210,10,0.539301
72,surface (40 km ring) dressed,AIFS ENS,me,-0.036671,-0.089542,0.016199,33874,210,10,0.707425
72,surface (40 km ring) dressed,AIFS ENS,rmse,-0.021623,-0.048636,0.005390,33874,210,10,0.409051
72,surface (40 km ring) dressed,AIFS ENS,crps,-0.002983,-0.022696,0.016729,33874,210,10,0.515337
120,surface (40 km ring) dressed,AIFS ENS,me,0.022856,-0.032688,0.078401,33874,210,10,0.756076
120,surface (40 km ring) dressed,AIFS ENS,rmse,-0.012759,-0.033898,0.008380,33874,210,10,0.474629
120,surface (40 km ring) dressed,AIFS ENS,crps,-0.006291,-0.021491,0.008909,33874,210,10,0.518744
168,surface (40 km ring) dressed,AIFS ENS,me,0.181013,0.118327,0.243699,33874,210,10,0.782195
168,surface (40 km ring) dressed,AIFS ENS,rmse,-0.012862,-0.042001,0.013398,33874,210,10,0.000000
168,surface (40 km ring) dressed,AIFS ENS,crps,-0.011321,-0.029240,0.004480,33874,210,10,0.000000
0,lookup own cell (not held out) dressed,AIFS ENS,me,-0.203482,-0.258910,-0.148054,33874,210,10,0.739088
0,lookup own cell (not held out) dressed,AIFS ENS,rmse,-0.025073,-0.076390,0.026244,33874,210,10,0.536202
0,lookup own cell (not held out) dressed,AIFS ENS,crps,0.024240,-0.013216,0.061696,33874,210,10,0.610880
24,lookup own cell (not held out) dressed,AIFS ENS,me,-0.150235,-0.211186,-0.088676,33874,210,10,0.674427
24,lookup own cell (not held out) dressed,AIFS ENS,rmse,-0.032162,-0.083072,0.018748,33874,210,10,0.559867
24,lookup own cell (not held out) dressed,AIFS ENS,crps,0.010655,-0.027143,0.048452,33874,210,10,0.638247
48,lookup own cell (not held out) dressed,AIFS ENS,me,-0.124337,-0.186013,-0.061517,33874,210,10,0.648621
48,lookup own cell (not held out) dressed,AIFS ENS,rmse,-0.024981,-0.071315,0.021353,33874,210,10,0.556141
48,lookup own cell (not held out) dressed,AIFS ENS,crps,0.007198,-0.025982,0.040377,33874,210,10,0.627695
72,lookup own cell (not held out) dressed,AIFS ENS,me,-0.121258,-0.186149,-0.054503,33874,210,10,0.595390
72,lookup own cell (not held out) dressed,AIFS ENS,rmse,-0.020711,-0.064120,0.022698,33874,210,10,0.573725
72,lookup own cell (not held out) dressed,AIFS ENS,crps,0.003543,-0.026781,0.033867,33874,210,10,0.613235
120,lookup own cell (not held out) dressed,AIFS ENS,me,-0.061505,-0.129320,0.006311,33874,210,10,0.704281
120,lookup own cell (not held out) dressed,AIFS ENS,rmse,-0.012534,-0.048994,0.023926,33874,210,10,0.614353
120,lookup own cell (not held out) dressed,AIFS ENS,crps,-0.004093,-0.030035,0.021848,33874,210,10,0.642464
168,lookup own cell (not held out) dressed,AIFS ENS,me,0.099903,0.021506,0.178299,33874,210,10,0.771136
168,lookup own cell (not held out) dressed,AIFS ENS,rmse,-0.013179,-0.040665,0.014308,33874,210,10,0.223471
168,lookup own cell (not held out) dressed,AIFS ENS,crps,-0.010361,-0.027260,0.006514,33874,210,10,0.181002
