sid,name,country,n,bias,rmse,offset_km,elev,cell_lat,cell_lon,water_km,near_water
02732099999,KUOPIO RITONIEMI,Finland,2916,-0.11641195582427769,0.6565303903739793,1.0081486104636113,87.0,62.7914204733773,27.904433991759163,0.0,True
02733099999,LAPPEENRANTA KONNUNSUO,Finland,2899,-0.043589660076076966,1.069020374281999,2.0308622561662064,46.4,61.04956278356648,28.58098640563648,10.315284452840903,False
02734099999,PARIKKALA KOITSANLAHTI,Finland,2908,-0.15692047371005094,0.8477476280940378,2.3069716297619154,75.0,61.43425814986083,29.44020858739532,22.609999492945683,False
02736099999,JUVA PARTALA,Finland,2915,-0.15561349649576545,0.6632083145705109,1.933958726246706,111.5,61.891080809869614,27.91367204555561,17.704027185467304,False
02759099999,PORVOO HARABACKA,Finland,2913,0.08991041304604361,0.7610226318047418,3.06901317002892,23.5,60.3816179190732,25.55967730640387,7.449109186053138,True
02768099999,HEINOLA ASEMANTAUS,Finland,2912,0.040553063612717766,0.6703811732054333,2.629954255361157,92.0,61.21859802616257,26.078647170211752,1.9751213425130218,True
02771099999,JOUTSA LEIVONMAKI SAVENAHO,Finland,2910,-0.2710045170210481,0.795240877377946,2.192545757587913,146.0,61.8637531276496,26.099023142374733,6.945351167166214,True
02772099999,RANTASALMI RUKKASLUOTO,Finland,2916,-0.24667359026371208,0.8150876204832063,1.433853078892551,80.0,62.05918416938378,28.545959293780527,0.0,True
02778099999,SAVONLINNA PUNKAHARJU,Finland,2911,-0.5515034818763956,1.3659272626621444,1.687630148463201,79.5,61.79985975566585,29.348367540388807,0.0,True
02788099999,KUOPIO MAANINKA,Finland,2913,0.055130362126003044,0.6984892751643605,2.087360727504464,91.3,63.1571428011223,27.35411970572116,3.6145670422439524,True
02789099999,RAUTAVAARA YLA-LUOSTA,Finland,2894,0.030533602489795707,0.8930727471546424,2.361850563967696,165.5,63.38764990019691,28.711783371104303,19.6643130145708,False
02791099999,JUUKA NIEMELA,Finland,2912,-0.06814969974559743,1.0562430311180147,2.690260830334932,115.0,63.21571899190132,29.268273523685025,3.657195396576996,True
02793099999,LIPERI TUISKAVANLUOTO,Finland,2913,-0.2167683625933316,0.8376326779879049,2.7533906360221416,79.5,62.55347945126279,29.71874532344691,0.0,True
02796099999,LIEKSA LAMPELA,Finland,2915,-0.16680038007209483,0.8857574181308557,2.3979970968979267,98.0,63.3175593826662,30.0034372132032,2.6736984884525357,True
02798099999,VALTIMO KK,Finland,2912,0.14097600035615013,0.7298497461135441,2.71448490215758,115.0,63.67731270650897,28.78505002199788,19.685871019686438,False
02830099999,KOUVOLA ANJALA,Finland,2914,-0.06366680409700476,0.8745726477663535,2.656002149602985,33.0,60.677114650527,26.827293189526586,13.473337611241162,False
02831099999,VIROLAHTI KOIVUNIEMI,Finland,2913,-0.41519195210921406,1.3055758049624469,1.604365743416515,5.0,60.51899241056316,27.66273752781018,2.036605312487527,True
02832099999,TOHMAJARVI KEMIE,Finland,2898,-0.04462934010928882,0.9092389292202009,2.613755004256358,90.0,62.21096717094945,30.36351947275969,22.072623689942102,False
02834099999,VIEREMA KAARAKKALA,Finland,2916,-0.01858085559065296,0.9601617451473231,1.9394636888215728,207.6,63.82076106444288,27.190666623243573,30.759586723154477,False
02917099999,KUOPIO,Finland,2881,-0.015212820967383281,0.6540927823003001,0.8930999026862467,98.5,63.002196780383066,27.8115445284474,0.0,True
02919099999,LAPPEENRANTA HIEKKAPAKKA,Finland,2916,-0.3429745081520866,0.844288647812533,1.7886473196247443,77.0,61.21570709139955,28.4693890531602,0.0,True
02929099999,JOENSUU,Finland,2857,0.2486067684121511,0.8112002601292947,1.9648694226921892,121.3,62.67322334767138,29.577896046193477,4.7205244252351655,True
02939099999,ILOMANTSI MEKRIJARVI,Finland,2907,0.08704536577086283,0.7862642109917348,1.6814394158252586,156.5,62.77979741479652,30.967168961452582,33.788722107803274,False
02947099999,MIKKELI,Finland,2911,-0.025072246251422497,0.8820206653056941,2.1132485487979213,100.3,61.685904314058725,27.16291373308846,6.463407048163178,True
02948099999,SAVONLINNA,Finland,2877,0.09066043942596999,0.7553008505485284,2.563329424181601,94.8,61.95993297466724,28.913488598810066,3.7469508084160825,True
02958099999,LAPPEENRANTA,Finland,2889,-0.3597491482542889,0.6739110973056487,1.7574106126601303,106.4,61.05504265733275,28.16834753493154,2.827576010465087,True
02966099999,UTTI,Finland,2865,-0.07349073373418423,0.640895135995474,1.9566328966240976,103.3,60.91195219521625,26.951493252186708,37.4415411313412,False
02967099999,KOTKA HAAPASAARI,Finland,2914,0.18169619966715095,0.8535305769855237,2.5839579503334558,5.5,60.27477700264355,27.225963267441387,0.0,True
02976099999,KOTKA RANKKI,Finland,2838,-0.11156188448690209,1.1561249572544936,2.7617824861720157,13.1,60.35861037831546,26.965908944733314,0.0,True
02987099999,PORVOO KALLBADAGRUND,Finland,2485,-0.013004003022038595,0.9370613971800942,1.835534242447333,23.3,59.980740029177575,25.56786119848732,0.0,True
02991099999,PORVOO EMASALO,Finland,2904,-0.07522382499757886,0.780153462011555,3.3587813556224364,27.1,60.21717224252934,25.681738944171485,0.0,True
02992099999,LOVIISA ORRENGRUND,Finland,2915,0.16764861798818076,1.0546228910772446,1.9182601531477912,3.5,60.27744977159153,26.417694694657317,0.0,True
22717099999,SUOYARVI,Russia,741,-0.29156536148627277,1.2828201461344402,1.985838591191506,156.0,62.11295410542733,32.35810568135423,76.81890887582466,False
22721099999,MEDVEZEGORSK,Russia,2900,0.15172228582974137,0.745934949409688,2.25471505205184,81.0,62.9037140951776,34.401041874221306,4.558061128954848,True
22727099999,KONDOPOGA,Russia,737,-0.040437439047659424,0.8571876212440704,2.645642550923499,38.0,62.15929434099524,34.253133243118754,0.6789551618738016,True
22802099999,SORTAVALA,Russia,2896,0.14316350399459923,0.8536118514869252,2.2506780108344566,19.0,61.71012309694311,30.67787174219427,2.292095641331508,True
22805099999,VALAAM,Russia,2197,-0.6011944610637374,1.4863350539196636,0.9429832613620712,16.0,61.37529469131688,30.88254342684857,0.0,True
22820099999,PETROZAVODSK,Russia,2917,-0.43416356769047826,0.8633983274334368,3.203111491688335,110.0,61.79218509965997,34.29505907008556,4.542071993509837,True
22831099999,PUDOZ,Russia,2912,-0.0970999288034963,0.8631424863932902,1.341596265840844,44.0,61.78899251026474,36.591902702124,32.02064346870421,False
22837099999,VYTEGRA,Russia,1430,0.2113439621291794,0.7798838210406355,2.7095608203598585,56.0,61.0252756710369,36.496225008149,15.51525329007922,False
22845099999,KARGOPOL',Russia,2912,-0.08385162772713127,0.6722500580464392,3.4484978602965928,126.0,61.47283434375575,38.96125570030125,3.5715414191953485,True
22892099999,VYBORG,Russia,2912,-0.1461246092240889,0.9072976718099048,2.111979876876233,13.0,60.730002269521954,28.70571284569488,11.2884455512487,False
22912099999,OLONEC,Russia,2198,0.08844169637525591,0.9324492526031666,2.2425378152371365,12.0,60.994351958901895,32.9496437007104,15.434201275375278,False
22913099999,LODEJNOE POLE,Russia,2899,-0.10207393629133968,0.9576816735380989,3.175787619434664,23.0,60.72847423148177,33.60226289950441,37.51278594968908,False
22917099999,NOVAJA LADOGA,Russia,2900,-0.024870580212823276,0.7576167541291773,1.5200304717005282,9.0,60.12154391762488,32.34238657151485,3.1134522407603717,True
22925099999,VINNICY,Russia,2889,0.018416064385519435,0.7046988278561601,1.5094709436065674,111.0,60.61983067187725,34.78708626465166,46.25089406361719,False
22939099999,BELOZERSK,Russia,2906,-0.1946477355747,0.730755413169768,2.9154814487009344,131.0,60.02752234729699,37.79711305193453,5.752989498007535,True
26038099999,LENNART MERI TALLINN,Estonia,2909,-0.27548263722901983,1.036893930857331,1.424120906269217,39.9,59.41978616357551,24.81208501254838,9.03338054071374,True
26038199999,PARNU,Estonia,897,-0.09552121029516793,0.5654420256105277,0.8935722714673477,47.0,58.40906751328199,24.466201975294183,4.1305693581379215,True
26045099999,KUNDA,Estonia,2911,0.30063935951120213,1.0897408709412664,1.2781288768751138,3.0,59.51014078030938,26.532240894700976,4.942744475368554,True
26046099999,JOHVI,Estonia,2909,-0.34226260114757007,0.8567786912277578,3.150930877518272,75.0,59.34056764602516,27.435721081952494,11.59457934649267,False
26058099999,NARVA-JOESUU,Estonia,2910,-0.24428556566795534,0.8282810887302374,2.3431250803633046,29.9,59.39245565544368,28.157217316061065,12.478560114221782,False
26059099999,KINGISEPP,Russia,2908,0.24120242448095766,0.7719779385555299,2.6353545381626318,19.0,59.37374116327656,28.643897448184305,38.30538994417352,False
26063099999,PULKOVO,Russia,2916,0.8229556257669163,1.4404265571769137,2.038807234093115,24.1,59.78810013836213,30.289965370286325,13.552289727053743,False
26067099999,VOLOSOVO,Russia,4,-1.749104309082031,1.9053692655426029,2.3484251269716534,129.0,59.45265515864857,29.48654873855168,52.449425305529545,False
26069099999,BELOGORKA,Russia,2900,-0.1591770819302263,0.7701005424770013,0.573352575215791,90.0,59.35457040760078,30.128639244723477,58.60308939416074,False
26072099999,SHLISSEL'BURG,Russia,2910,-0.04466374243247957,0.7363447892559417,0.5899410752080447,17.0,59.93334149358149,30.98960492049329,3.610416617705586,True
26078099999,LJUBAN',Russia,2851,-0.011380271416553388,0.6960184297625742,1.9902074044335611,39.0,59.334067220630345,31.218142652650613,66.01495839910721,False
26080099999,KIRISHI,Russia,2908,0.23068592013814262,0.8130759472870632,2.001989377994616,26.0,59.45981904315698,32.00392776982184,59.14951123758926,False
26094099999,TIHVIN,Russia,2898,-0.09925245833939891,0.8491507951302968,0.561814202568659,61.0,59.65258692018717,33.558410907002724,83.66832407960067,False
26099099999,EFIMOVSKAJA,Russia,2834,0.013322654406454021,0.6924406997987449,1.3814604824044432,176.0,59.49834433056958,34.67610638869152,143.32970730584552,False
26134099999,KUUSIKU,Estonia,2910,0.06601768677177297,0.7415048784920928,1.905273358824994,52.0,58.98093393877979,24.714415432161985,50.60326671207413,False
26135099999,TURI,Estonia,2874,-0.032210949052931453,0.6179220116892168,2.2588638497977014,65.0,58.79748650205988,25.408044564406083,71.75053874794985,False
26141099999,VALKE-MAARJA,Estonia,2873,0.014462217602462583,0.7440845665368849,1.68630998748516,123.0,59.143687279984974,26.25340169361129,47.78568940803894,False
26144099999,JOGEVA,Estonia,2908,0.13872954146898106,0.6911218301692157,2.997613854477101,71.0,58.76478485257348,26.45968196680209,29.927833116132167,False
26145099999,TILRIKOJA,Estonia,2912,-0.8291924487103474,1.7941655884414298,3.160850673555139,34.0,58.84623902318117,26.98650569290095,0.0,True
26157099999,GDOV,Russia,2887,-0.24773796142324428,0.8782409739162861,1.5553864101591566,40.0,58.73352228640922,27.806403981808103,1.3743042231143807,True
26167099999,NIKOLAEVSKOE,Russia,2899,0.09008491571379679,0.8520207529360905,3.120632026990834,91.0,58.59287441584278,29.780880593901315,74.8572841090252,False
26179099999,NOVGOROD,Russia,2849,-0.0454707329463189,0.7325106723620616,2.571308516541577,24.0,58.51574750036817,31.206311119397185,6.979858032172862,True
26233099999,VILJANDI,Estonia,2908,-0.13846554972610578,0.708237784518328,0.5512064006235861,86.0,58.37186741004038,25.59891415696015,62.39929389362388,False
26242099999,TARTU,Estonia,2905,-0.005857328588909191,0.7808786272070025,3.1276939030198743,66.8,58.32568482523508,26.729220993829017,33.129874385113446,False
26258099999,PSKOV,Russia,2917,-0.01396958093182209,0.8000204944479561,1.4845295889773742,46.9,57.78902246725935,28.37306089176201,17.931215748494942,False
26268099999,DNO,Russia,796,-0.025530300427920875,0.8288631017597337,2.5407504713221507,71.0,57.80560637197747,29.913310032967104,73.4309063834635,False
26275099999,STARAYA RUSSA,Russia,2892,0.04559055819056342,0.750617104044511,2.346898391521979,25.0,58.03679530834071,31.304423917026128,12.72734895939169,False
26285099999,KRESTCY,Russia,760,0.008820929276315748,0.6631131467287049,2.098406240257516,63.0,58.28561983899383,32.53536155190736,50.9947035259711,False
26291099999,BOROVICI,Russia,1968,0.13275225879700206,0.6425363650039813,2.120957070842311,89.0,58.39839086649757,33.89420982531206,132.1682472305868,False
26298099999,BOLOGOE,Russia,1375,-0.022103866299715908,0.5801201967752619,0.9733270654414312,188.0,57.90106299085368,34.046182592710494,144.234825332307,False
26381099999,DEMJANSK,Russia,753,-0.03563654723553701,0.8680992985866136,3.672530051839432,62.0,57.63578484622565,32.41194366526261,76.90426152716687,False
26389099999,OSTASKOV,Russia,1332,-0.10567278704485734,0.5305179125430033,2.091638920097018,218.0,57.135827601167016,33.150981217601895,148.47700165579622,False
26393099999,VYSNIJ VOLOCEK,Russia,1339,-0.10210344287510503,0.6788663853255168,1.671734165412631,169.0,57.536100981459946,34.57698329084656,188.07831038723742,False
27008099999,BABAEVO,Russia,1412,0.10593015546501529,0.691972054698936,2.67222737560262,137.0,59.40867948143994,35.943293723925024,94.14290330190543,False
27106099999,USTYUZHNA,Russia,1089,-0.18899415631815308,0.8139991340692014,1.363128382182482,125.0,58.83881668295815,36.42405877432316,42.36337240600613,False
27108099999,OHONY,Russia,836,0.037199204732356446,0.6354349685845503,1.8200048482107476,145.0,58.58238959336321,35.62347191960245,90.62547302474647,False
27208099999,MAKSATIKHA,Russia,1404,0.014849996974325578,0.5438655641755287,2.306276315731933,142.0,57.80219786976173,35.84468162608229,126.84381544159925,False
