sid,name,country,lat,lon,elev,y_idx,x_idx,cell_lat,cell_lon,offset_km,fold
26144099999,JOGEVA,Estonia,58.75,26.417,71.0,16,21,58.76478485257348,26.459681966802094,2.997613854477101,4
26046099999,JOHVI,Estonia,59.333,27.383,75.0,30,28,59.34056764602516,27.435721081952494,3.1509308775182716,4
26045099999,KUNDA,Estonia,59.517,26.55,3.0,31,18,59.51014078030938,26.532240894700976,1.2781288768751138,4
26134099999,KUUSIKU,Estonia,58.967,24.733,52.0,16,2,58.98093393877979,24.714415432161985,1.905273358824994,4
26038099999,LENNART MERI TALLINN,Estonia,59.413,24.833,39.9,25,1,59.41978616357551,24.81208501254838,1.424120906269217,4
26058099999,NARVA-JOESUU,Estonia,59.389,28.117,29.9,33,35,59.392455655443676,28.157217316061065,2.3431250803633046,4
26038199999,PARNU,Estonia,58.417,24.467,47.0,4,2,58.40906751328199,24.466201975294183,0.8935722714673477,4
26242099999,TARTU,Estonia,58.307,26.69,66.8,8,26,58.32568482523508,26.729220993829017,3.1276939030198743,4
26145099999,TILRIKOJA,Estonia,58.867,26.95,34.0,19,26,58.84623902318117,26.98650569290095,3.160850673555139,4
26135099999,TURI,Estonia,58.817,25.417,65.0,14,10,58.79748650205988,25.408044564406083,2.2588638497977014,4
26141099999,VALKE-MAARJA,Estonia,59.133,26.233,123.0,23,17,59.143687279984974,26.253401693611295,1.6863099874851601,4
26233099999,VILJANDI,Estonia,58.367,25.6,86.0,6,14,58.37186741004038,25.59891415696015,0.5512064006235861,4
02768099999,HEINOLA ASEMANTAUS,Finland,61.2,26.05,92.0,64,5,61.21859802616257,26.078647170211752,2.629954255361157,1
02939099999,ILOMANTSI MEKRIJARVI,Finland,62.767,30.983,156.5,108,42,62.77979741479652,30.967168961452586,1.6814394158252586,3
02929099999,JOENSUU,Finland,62.663,29.608,121.3,102,30,62.67322334767138,29.577896046193473,1.9648694226921894,3
02771099999,JOUTSA LEIVONMAKI SAVENAHO,Finland,61.883,26.1,146.0,77,2,61.8637531276496,26.099023142374733,2.192545757587913,1
02791099999,JUUKA NIEMELA,Finland,63.233,29.233,115.0,112,24,63.21571899190132,29.268273523685025,2.6902608303349322,3
02736099999,JUVA PARTALA,Finland,61.9,27.883,111.5,82,19,61.891080809869614,27.913672045555614,1.933958726246706,3
02967099999,KOTKA HAAPASAARI,Finland,60.283,27.183,5.5,48,21,60.27477700264355,27.225963267441387,2.5839579503334553,1
02976099999,KOTKA RANKKI,Finland,60.383,26.967,13.1,49,18,60.35861037831546,26.965908944733314,2.7617824861720153,1
02830099999,KOUVOLA ANJALA,Finland,60.7,26.817,33.0,55,15,60.677114650526995,26.827293189526586,2.6560021496029855,1
02917099999,KUOPIO,Finland,63.007,27.798,98.5,104,12,63.002196780383066,27.8115445284474,0.8930999026862467,3
02788099999,KUOPIO MAANINKA,Finland,63.15,27.317,91.3,106,7,63.1571428011223,27.35411970572116,2.087360727504464,3
02732099999,KUOPIO RITONIEMI,Finland,62.8,27.9,87.0,100,14,62.7914204733773,27.904433991759163,1.0081486104636113,3
02965099999,LAHTI LAUNE,Finland,60.967,25.633,78.7,58,2,60.970530088059135,25.64421859043142,0.7362137214271481,1
02958099999,LAPPEENRANTA,Finland,61.045,28.144,106.4,66,26,61.05504265733275,28.16834753493154,1.7574106126601303,1
02919099999,LAPPEENRANTA HIEKKAPAKKA,Finland,61.2,28.467,77.0,70,28,61.21570709139955,28.4693890531602,1.7886473196247443,1
02733099999,LAPPEENRANTA KONNUNSUO,Finland,61.033,28.567,46.4,67,30,61.04956278356648,28.58098640563648,2.0308622561662064,1
02796099999,LIEKSA LAMPELA,Finland,63.317,30.05,98.0,116,30,63.3175593826662,30.0034372132032,2.3979970968979267,3
02793099999,LIPERI TUISKAVANLUOTO,Finland,62.55,29.667,79.5,100,32,62.55347945126279,29.71874532344691,2.7533906360221416,3
02992099999,LOVIISA ORRENGRUND,Finland,60.283,26.45,3.5,46,13,60.27744977159153,26.417694694657314,1.9182601531477912,1
02947099999,MIKKELI,Finland,61.687,27.202,100.3,76,13,61.685904314058725,27.16291373308846,2.1132485487979213,1
02734099999,PARIKKALA KOITSANLAHTI,Finland,61.45,29.467,75.0,77,36,61.43425814986083,29.44020858739532,2.3069716297619154,3
02991099999,PORVOO EMASALO,Finland,60.2,25.633,27.1,43,6,60.21717224252934,25.681738944171485,3.3587813556224364,1
02759099999,PORVOO HARABACKA,Finland,60.4,25.6,23.5,46,4,60.3816179190732,25.55967730640387,3.06901317002892,1
02987099999,PORVOO KALLBADAGRUND,Finland,59.983,25.6,23.3,38,6,59.980740029177575,25.56786119848732,1.8355342424473335,1
02772099999,RANTASALMI RUKKASLUOTO,Finland,62.067,28.567,80.0,87,24,62.059184169383784,28.545959293780527,1.433853078892551,3
02789099999,RAUTAVAARA YLA-LUOSTA,Finland,63.383,28.667,165.5,114,18,63.38764990019691,28.711783371104303,2.3618505639676957,3
02948099999,SAVONLINNA,Finland,61.943,28.945,94.8,86,28,61.95993297466724,28.913488598810062,2.563329424181601,3
02778099999,SAVONLINNA PUNKAHARJU,Finland,61.8,29.317,79.5,84,33,61.79985975566585,29.348367540388807,1.687630148463201,3
02832099999,TOHMAJARVI KEMIE,Finland,62.233,30.35,90.0,95,40,62.21096717094945,30.36351947275969,2.6137550042563586,3
02966099999,UTTI,Finland,60.896,26.938,103.3,60,15,60.91195219521625,26.951493252186708,1.9566328966240976,1
02798099999,VALTIMO KK,Finland,63.667,28.833,115.0,120,17,63.67731270650897,28.785050021997876,2.71448490215758,3
02834099999,VIEREMA KAARAKKALA,Finland,63.833,27.217,207.6,119,2,63.82076106444288,27.190666623243573,1.9394636888215726,3
02831099999,VIROLAHTI KOIVUNIEMI,Finland,60.533,27.667,5.0,54,24,60.51899241056316,27.66273752781018,1.604365743416515,1
27008099999,BABAEVO,Russia,59.4,35.9,137.0,59,112,59.40867948143994,35.943293723925024,2.6722273756026196,2
26069099999,BELOGORKA,Russia,59.35,30.133,90.0,38,55,59.35457040760078,30.128639244723473,0.573352575215791,4
22939099999,BELOZERSK,Russia,60.017,37.75,131.0,78,125,60.02752234729699,37.79711305193453,2.9154814487009344,0
26298099999,BOLOGOE,Russia,57.9,34.03,188.0,23,104,57.90106299085368,34.046182592710494,0.9733270654414311,2
26291099999,BOROVICI,Russia,58.417,33.9,89.0,32,99,58.39839086649757,33.89420982531206,2.120957070842311,2
26381099999,DEMJANSK,Russia,57.65,32.467,62.0,12,89,57.635784846225654,32.41194366526261,3.6725300518394324,2
26268099999,DNO,Russia,57.817,29.95,71.0,7,62,57.80560637197747,29.913310032967104,2.5407504713221507,4
26099099999,EFIMOVSKAJA,Russia,59.5,34.7,176.0,56,99,59.49834433056958,34.67610638869152,1.3814604824044432,2
26157099999,GDOV,Russia,58.733,27.833,40.0,19,35,58.73352228640922,27.806403981808103,1.5553864101591566,4
22845099999,KARGOPOL',Russia,61.5,38.933,126.0,110,124,61.47283434375575,38.96125570030125,3.4484978602965928,0
26059099999,KINGISEPP,Russia,59.367,28.6,19.0,34,40,59.373741163276556,28.643897448184305,2.6353545381626313,4
26080099999,KIRISHI,Russia,59.45,32.033,26.0,46,73,59.45981904315698,32.00392776982184,2.001989377994616,2
22727099999,KONDOPOGA,Russia,62.167,34.3,38.0,106,76,62.15929434099524,34.253133243118754,2.645642550923499,0
26285099999,KRESTCY,Russia,58.267,32.533,63.0,25,86,58.28561983899383,32.53536155190736,2.098406240257516,2
26078099999,LJUBAN',Russia,59.35,31.233,39.0,41,66,59.334067220630345,31.218142652650613,1.9902074044335614,2
22913099999,LODEJNOE POLE,Russia,60.717,33.55,23.0,76,80,60.72847423148177,33.60226289950441,3.175787619434664,0
27208099999,MAKSATIKHA,Russia,57.8,35.883,142.0,28,123,57.802197869761734,35.84468162608229,2.306276315731933,2
22721099999,MEDVEZEGORSK,Russia,62.917,34.433,81.0,121,72,62.9037140951776,34.401041874221306,2.2547150520518398,0
26167099999,NIKOLAEVSKOE,Russia,58.567,29.8,91.0,22,56,58.59287441584278,29.780880593901315,3.120632026990834,4
22917099999,NOVAJA LADOGA,Russia,60.117,32.317,9.0,60,72,60.12154391762488,32.34238657151485,1.5200304717005282,2
26179099999,NOVGOROD,Russia,58.517,31.25,24.0,25,71,58.51574750036817,31.206311119397185,2.571308516541577,2
27108099999,OHONY,Russia,58.567,35.633,145.0,42,115,58.58238959336321,35.62347191960245,1.8200048482107474,2
22912099999,OLONEC,Russia,60.983,32.983,12.0,79,72,60.994351958901895,32.949643700710396,2.2425378152371365,0
26389099999,OSTASKOV,Russia,57.133,33.117,218.0,5,100,57.135827601167016,33.150981217601895,2.091638920097018,2
22820099999,PETROZAVODSK,Russia,61.817,34.267,110.0,99,79,61.792185099659974,34.29505907008556,3.203111491688335,0
26258099999,PSKOV,Russia,57.784,28.396,46.9,2,46,57.78902246725935,28.37306089176201,1.4845295889773742,4
22831099999,PUDOZ,Russia,61.8,36.583,44.0,107,100,61.78899251026474,36.591902702124,1.341596265840844,0
26063099999,PULKOVO,Russia,59.8,30.263,24.1,47,54,59.78810013836213,30.289965370286325,2.038807234093115,4
26072099999,SHLISSEL'BURG,Russia,59.933,31.0,17.0,52,60,59.933341493581494,30.989604920493292,0.5899410752080447,2
22802099999,SORTAVALA,Russia,61.717,30.717,19.0,86,46,61.71012309694311,30.67787174219427,2.2506780108344566,3
26275099999,STARAYA RUSSA,Russia,58.017,31.317,25.0,16,75,58.03679530834071,31.304423917026128,2.346898391521979,2
26264099999,STRUGI KRASNYE,Russia,58.267,29.1,129.0,14,51,58.28688586446118,29.121525092438674,2.5729390790587985,4
22717099999,SUOYARVI,Russia,62.1,32.383,156.0,99,59,62.11295410542733,32.35810568135423,1.985838591191506,3
26094099999,TIHVIN,Russia,59.65,33.55,61.0,55,87,59.65258692018717,33.558410907002724,0.561814202568659,2
27106099999,USTYUZHNA,Russia,58.85,36.433,125.0,50,121,58.83881668295815,36.42405877432316,1.363128382182482,2
22805099999,VALAAM,Russia,61.367,30.883,16.0,80,50,61.37529469131688,30.88254342684857,0.9429832613620712,3
22925099999,VINNICY,Russia,60.633,34.783,111.0,78,92,60.61983067187725,34.78708626465166,1.5094709436065674,0
26067099999,VOLOSOVO,Russia,59.433,29.5,129.0,38,48,59.45265515864857,29.486548738551676,2.3484251269716534,4
22892099999,VYBORG,Russia,60.717,28.733,13.0,61,33,60.730002269521954,28.705712845694876,2.1119798768762332,1
26393099999,VYSNIJ VOLOCEK,Russia,57.55,34.567,169.0,18,112,57.536100981459946,34.576983290846556,1.671734165412631,2
22837099999,VYTEGRA,Russia,61.017,36.45,56.0,92,105,61.0252756710369,36.496225008149,2.7095608203598585,0
