USAF,WBAN,name,country,lat,lon,elev,BEGIN,END,in_target,role,in_original_144
266590,99999,LEPEL,Belarus,54.883,28.7,174.0,1959-01-01,2025-08-24,False,input_crop_only,False
266530,99999,POLOTSK,Belarus,55.467,28.767,133.0,1961-02-07,2025-08-24,False,input_crop_only,False
266680,99999,SENNO,Belarus,54.817,29.683,176.0,1960-01-27,2025-08-24,False,input_crop_only,False
266430,99999,SHARCOVSCHINA,Belarus,55.367,27.467,131.0,1961-02-08,2025-08-24,False,input_crop_only,False
265540,99999,VERHNEDVINSK,Belarus,55.817,27.95,132.0,1959-01-01,2025-08-24,False,input_crop_only,False
266660,99999,VITEBSK / VICIEBSK,Belarus,55.127,30.35,207.9,1932-01-01,2025-08-24,False,input_crop_only,False
261160,99999,KARDLA,Estonia,58.991,22.831,5.5,1959-01-01,2025-08-24,False,input_crop_only,False
262260,99999,KIHNU,Estonia,58.1,23.967,4.0,1959-01-01,2025-08-24,False,input_crop_only,False
261161,99999,KURESSAARE,Estonia,58.217,22.5,4.0,2004-05-10,2025-08-24,False,input_crop_only,False
261240,99999,LAANE-NIGULA,Estonia,58.95,23.817,25.0,1959-01-01,2025-08-24,False,input_crop_only,False
260290,99999,PAKRI,Estonia,59.383,24.033,26.0,1959-12-23,2025-08-24,False,input_crop_only,False
261150,99999,RISTNA,Estonia,58.917,22.067,9.0,1955-01-01,2025-08-24,False,input_crop_only,False
262180,99999,SORVE,Estonia,57.917,22.05,4.0,1973-01-01,2025-08-24,False,input_crop_only,False
262140,99999,VILSANDI,Estonia,58.383,21.817,6.0,1959-01-01,2025-08-24,False,input_crop_only,False
261280,99999,VIRTSU,Estonia,58.567,23.517,3.0,1959-01-02,2025-08-24,False,input_crop_only,False
262490,99999,VORU,Estonia,57.85,27.017,83.0,1959-01-01,2025-08-24,False,input_crop_only,False
029240,99999,AHTARI MYLLYMAKI,Finland,62.533,24.217,159.7,1973-01-01,2025-08-24,False,input_crop_only,False
027870,99999,ALAJARVI MOKSY,Finland,63.083,24.267,171.4,2008-01-15,2025-08-24,False,input_crop_only,False
027270,99999,ASIKKALA PULKKILANHARJU,Finland,61.267,25.517,76.0,2008-01-15,2025-08-24,False,input_crop_only,False
027970,99999,HAAPAVEST MUSTIKKAMAKI,Finland,64.15,25.417,112.0,2008-01-15,2025-08-24,False,input_crop_only,False
028740,99999,HAILUOTO ISLAND,Finland,65.033,24.8,6.0,1973-01-01,2025-08-24,False,input_crop_only,False
028730,99999,HAILUOTO MARJANIEMI,Finland,65.033,24.567,7.3,2004-08-03,2025-08-24,False,input_crop_only,False
029450,99999,HALLI,Finland,61.856,24.787,146.0,1973-01-01,2025-08-24,False,input_crop_only,False
027250,99999,HALSUA KANALA PUROLA,Finland,63.45,24.45,153.0,2008-01-15,2025-08-24,False,input_crop_only,False
027540,99999,HAMEENLINNA KATINEN,Finland,61.0,24.5,85.0,2008-01-15,2025-08-24,False,input_crop_only,False
027670,99999,HAMEENLINNA LAMMI PAPPILA,Finland,61.05,25.05,125.0,2008-01-15,2025-08-24,False,input_crop_only,False
029820,99999,HANKO RUSSARO,Finland,59.767,22.95,6.5,1906-01-01,2025-08-24,False,input_crop_only,False
027460,99999,HANKO TULLINIEMI,Finland,59.817,22.917,27.5,2009-07-01,2025-08-24,False,input_crop_only,False
027500,99999,HANKO TVARMINNE,Finland,59.85,23.25,3.0,2009-07-01,2025-08-24,False,input_crop_only,False
027040,99999,HATTULA LEPAA AWS,Finland,61.117,24.317,87.0,2008-01-15,2025-08-24,False,input_crop_only,False
027950,99999,HELSINKI HARMAJA,Finland,60.1,24.983,6.4,2008-01-16,2025-08-24,False,input_crop_only,False
029780,99999,HELSINKI KAISANIEMI,Finland,60.183,24.95,4.0,2008-01-15,2025-08-24,False,input_crop_only,False
029750,99999,HELSINKI MALMI,Finland,60.255,25.043,17.4,1917-01-01,2025-08-06,False,input_crop_only,False
029740,99999,HELSINKI VANTAA,Finland,60.317,24.963,54.6,1952-01-01,2025-08-24,False,input_crop_only,False
028290,99999,HYVINKAA HYVINKAANKYLA,Finland,60.6,24.8,87.5,2008-01-15,2025-08-24,False,input_crop_only,False
029840,99999,INKOO BAGASKAR,Finland,59.933,24.017,12.0,1973-01-01,2025-08-24,False,input_crop_only,False
029630,99999,JOKIOINEN,Finland,60.817,23.5,103.0,1957-04-02,2025-08-24,False,input_crop_only,False
027700,99999,JUUPAJOKI HYYTIALA,Finland,61.85,24.283,153.0,2008-01-15,2025-08-24,False,input_crop_only,False
029350,99999,JYVASKYLA,Finland,62.399,25.678,139.9,1917-01-01,2025-08-24,False,input_crop_only,False
028280,99999,KAARINA YLTOINEN,Finland,60.383,22.55,5.2,2008-01-15,2025-08-24,False,input_crop_only,False
028970,99999,KAJAANI,Finland,64.285,27.692,147.2,1916-01-01,2025-08-24,False,input_crop_only,False
029070,99999,KALAJOKI ULKOKALLA,Finland,64.333,23.45,5.0,1901-01-01,2025-08-24,False,input_crop_only,False
027530,99999,KANKAANPAA NIINISALO AIRFIELD,Finland,61.833,22.467,122.0,2008-01-15,2025-08-24,False,input_crop_only,False
029420,99999,KANKAANPAA NIINISALO PUOLVOIM,Finland,61.833,22.467,124.8,1952-01-01,2025-08-01,False,input_crop_only,False
027690,99999,KAUHAJOKI KUJA-KOKKO,Finland,62.417,22.183,93.0,2008-01-16,2025-08-24,False,input_crop_only,False
029130,99999,KAUHAVA,Finland,63.127,23.051,46.0,1973-01-01,2025-08-24,False,input_crop_only,False
028620,99999,KEMI AJOS,Finland,65.667,24.517,3.1,2004-08-31,2025-08-24,False,input_crop_only,False
028640,99999,KEMI TORNIO,Finland,65.782,24.599,18.6,1952-01-01,2025-08-24,False,input_crop_only,False
027430,99999,KEMIONSAARI VANO,Finland,59.867,22.2,8.0,2009-07-01,2025-08-24,False,input_crop_only,False
027940,99999,KIRKKONUMMI MAKILUOTO,Finland,59.917,24.35,2.0,2008-01-15,2025-08-24,False,input_crop_only,False
027210,99999,KOKKOLA TANKAR,Finland,63.95,22.85,6.3,2008-01-16,2025-08-24,False,input_crop_only,False
027800,99999,KORSNAS BREDSKARET,Finland,62.933,21.183,2.8,2008-01-15,2025-08-24,False,input_crop_only,False
027520,99999,KRISTIINANKAUPUNKI LIGHTHOUSE,Finland,62.2,21.167,21.7,2008-01-15,2025-08-24,False,input_crop_only,False
029030,99999,KRUUNUPYY / KOKKOLA PIETARSAARI,Finland,63.721,23.143,25.3,1960-11-01,2025-08-24,False,input_crop_only,False
027990,99999,KUHMO KALLIOJOKI,Finland,64.3,30.167,198.4,2008-01-15,2025-08-24,False,input_crop_only,False
029640,99999,KUSTAVI ISOKARI,Finland,60.717,21.033,3.9,2004-08-03,2025-08-24,False,input_crop_only,False
028690,99999,KUUSAMO,Finland,65.988,29.239,264.0,1909-01-01,2025-08-24,False,input_crop_only,False
028110,99999,KUUSAMO KIUTAKONGAS,Finland,66.367,29.317,165.0,2008-01-15,2025-08-24,False,input_crop_only,False
028680,99999,KUUSAMO RUKATUNTURI,Finland,66.167,29.15,362.8,2008-01-15,2025-08-24,False,input_crop_only,False
027060,99999,LOHJA PORLA,Finland,60.25,24.05,37.0,2008-01-15,2025-08-24,False,input_crop_only,False
027650,99999,LUHANKA JUDINSALO,Finland,61.7,25.5,83.2,2008-01-15,2025-08-24,False,input_crop_only,False
029100,99999,MUSTASAARI VALASSAARET,Finland,63.433,21.067,11.0,1973-01-01,2025-08-24,False,input_crop_only,False
028750,99999,OULU,Finland,64.93,25.355,14.3,1906-01-01,2025-08-24,False,input_crop_only,False
028760,99999,OULU VIHREASAARI HARBOUR,Finland,65.0,25.4,3.8,2008-01-15,2025-08-24,False,input_crop_only,False
029500,99999,PARAINEN FAGERHOLM,Finland,60.117,21.7,4.5,1901-01-01,2025-08-24,False,input_crop_only,False
029810,99999,PARAINEN UTO,Finland,59.783,21.367,6.8,1901-01-01,2025-08-24,False,input_crop_only,False
028440,99999,PELLO CENTRE,Finland,66.767,23.967,85.9,1973-01-01,2025-08-24,False,input_crop_only,False
029200,99999,PIETARSAARI KALLAN,Finland,63.75,22.517,19.2,2004-08-03,2025-08-24,False,input_crop_only,False
029520,99999,PORI,Finland,61.462,21.8,13.4,1952-01-01,2025-08-24,False,input_crop_only,False
027510,99999,PORI TAHKOLUOTO HARBOUR,Finland,61.633,21.383,4.6,2008-01-16,2025-08-24,False,input_crop_only,False
028660,99999,PUDASJARVI AIRFIELD,Finland,65.417,26.967,120.0,2001-06-01,2025-08-24,False,input_crop_only,False
027380,99999,PYHAJARVI OL OJAKYLA,Finland,63.733,25.7,153.3,2009-07-01,2025-08-24,False,input_crop_only,False
028720,99999,RAAHE LAPALUOTO HARBOUR,Finland,64.667,24.4,2.0,2008-01-16,2025-08-24,False,input_crop_only,False
028000,99999,RAAHE NAHKIAINEN,Finland,64.617,23.9,23.8,2008-01-16,2025-08-24,False,input_crop_only,False
027570,99999,RAASEPORI JUSSARO,Finland,59.817,23.583,22.8,2008-01-16,2025-08-24,False,input_crop_only,False
027610,99999,RAUMA KYLMAPIHLAJA,Finland,61.15,21.3,29.0,2008-01-15,2025-08-24,False,input_crop_only,False
028450,99999,ROVANIEMI,Finland,66.565,25.83,196.6,1973-01-01,2025-08-24,False,input_crop_only,False
028130,99999,ROVANIEMI APUKKA,Finland,66.583,26.017,107.4,2008-01-15,2025-08-24,False,input_crop_only,False
028470,99999,ROVANIEMI RAUTATIEASEMA,Finland,66.5,25.717,82.3,2008-01-15,2025-08-24,False,input_crop_only,False
027560,99999,SALO KARKKA,Finland,60.367,23.117,2.0,2008-01-15,2025-08-24,False,input_crop_only,False
027770,99999,SALO KIIKALA AIRFIELD,Finland,60.467,23.65,117.0,2004-05-10,2025-08-24,False,input_crop_only,False
029245,99999,SEINAJOKI,Finland,62.692,22.832,91.7,1999-01-14,2025-08-24,False,input_crop_only,False
028330,99999,SEINAJOKI PELMAA,Finland,62.933,22.483,31.7,2008-01-15,2025-08-24,False,input_crop_only,False
028030,99999,SIIKAJOKI REVONLAHTI,Finland,64.683,25.083,49.5,2008-01-15,2025-08-24,False,input_crop_only,False
029490,99999,SOMERO SALKOLA,Finland,60.65,23.8,143.0,1973-01-01,2025-08-24,False,input_crop_only,False
027390,99999,SOTKAMO KUOLANIEMI,Finland,64.117,28.333,162.5,2009-07-01,2025-08-24,False,input_crop_only,False
027810,99999,STROMMINGSBADN,Finland,62.983,20.733,3.7,2008-01-15,2025-08-24,False,input_crop_only,False
028890,99999,SUOMUSSALMI PESIO,Finland,64.933,28.75,225.2,2001-09-19,2025-08-24,False,input_crop_only,False
028040,99999,TAIVALKOSKI KK URHEILUTIE,Finland,65.583,28.217,197.0,2008-01-15,2025-08-24,False,input_crop_only,False
027630,99999,TAMPERE HARMALA,Finland,61.467,23.75,86.0,2008-01-15,2025-08-24,False,input_crop_only,False
029440,99999,TAMPERE PIRKKALA,Finland,61.414,23.604,118.9,1906-01-01,2025-08-24,False,input_crop_only,False
029430,99999,TAMPERE SIILINKARI,Finland,61.517,23.75,98.0,1973-01-01,2025-08-24,False,input_crop_only,False
027370,99999,TOHOLAMPI LAITALA,Finland,63.817,24.167,84.5,2009-07-01,2025-08-24,False,input_crop_only,False
029720,99999,TURKU,Finland,60.514,22.263,49.1,1901-01-01,2025-08-24,False,input_crop_only,False
027730,99999,TURKU ARTUKAINEN,Finland,60.45,22.183,9.1,2008-01-15,2025-08-24,False,input_crop_only,False
027470,99999,TURKU RAJAKARI,Finland,60.383,22.1,5.5,2009-07-01,2025-08-24,False,input_crop_only,False
027140,99999,VAALA PELSO,Finland,64.5,26.44,114.0,2008-01-16,2025-08-24,False,input_crop_only,False
029110,99999,VAASA,Finland,63.051,21.762,5.8,1917-01-01,2025-08-24,False,input_crop_only,False
027100,99999,VESANTO SONKARI,Finland,62.917,26.417,120.0,2008-01-16,2025-08-24,False,input_crop_only,False
027580,99999,VIHTI MAASOJA,Finland,60.417,24.4,44.2,2008-01-15,2025-08-24,False,input_crop_only,False
029150,99999,VIITASAARI,Finland,63.083,25.867,132.0,1973-01-01,2025-08-24,False,input_crop_only,False
027350,99999,VIRRAT AIJANNEVA,Finland,62.333,23.55,139.5,2009-07-01,2025-08-24,False,input_crop_only,False
028120,99999,YLITORNIO MELTOSJARVI,Finland,66.533,24.65,93.0,2008-01-15,2025-08-24,False,input_crop_only,False
027550,99999,YLIVIESKA AIRFIELD,Finland,64.05,24.717,76.0,2003-03-30,2025-08-24,False,input_crop_only,False
262290,99999,AINAZI,Latvia,57.867,24.367,5.0,1955-01-01,2025-08-24,False,input_crop_only,False
263460,99999,ALUKSNE,Latvia,57.433,27.033,193.0,1959-01-01,2025-08-24,False,input_crop_only,False
264290,99999,BAUSKA,Latvia,56.4,24.217,33.0,1959-01-01,2025-08-24,False,input_crop_only,False
265510,99999,DAGDA,Latvia,56.1,27.55,181.0,1959-01-01,2025-08-24,False,input_crop_only,False
265440,99999,DAUGAVPILS,Latvia,55.867,26.617,122.0,1955-01-01,2025-08-24,False,input_crop_only,False
264240,99999,DOBELE,Latvia,56.617,23.317,44.0,1996-05-01,2025-08-24,False,input_crop_only,False
263480,99999,GULBENE,Latvia,57.133,26.717,143.0,1948-01-01,2025-08-24,False,input_crop_only,False
264250,99999,JELGAVA,Latvia,56.65,23.733,9.0,1959-01-01,2025-08-24,False,input_crop_only,False
263130,99999,KOLKA,Latvia,57.75,22.6,5.0,1955-01-01,2025-08-24,False,input_crop_only,False
264060,99999,LIEPAJA INTL,Latvia,56.518,21.097,4.9,1955-01-01,2025-08-24,False,input_crop_only,False
264470,99999,MADONA,Latvia,56.85,26.233,133.0,1928-01-02,2025-08-24,False,input_crop_only,False
263240,99999,MERSRAGS,Latvia,57.35,23.117,6.0,1959-01-01,2025-08-24,False,input_crop_only,False
264030,99999,PAVILOSTA,Latvia,56.883,21.183,10.0,1959-01-01,2025-08-24,False,input_crop_only,False
263350,99999,PRIEKULI,Latvia,57.317,25.333,122.0,1955-01-01,2025-08-24,False,input_crop_only,False
264460,99999,REZEKNE,Latvia,56.533,27.267,157.0,1955-01-01,2025-08-24,False,input_crop_only,False
264225,99999,RIGA,Latvia,56.967,24.05,26.0,1994-07-18,2025-08-24,False,input_crop_only,False
265030,99999,RUCAVA,Latvia,56.15,21.167,19.0,1959-01-01,2025-08-24,False,input_crop_only,False
262270,99999,RUHNU,Latvia,57.783,23.25,2.0,1961-11-10,2025-08-24,False,input_crop_only,False
262380,99999,RUJIENA,Latvia,57.9,25.383,12.0,1959-01-01,2025-08-24,False,input_crop_only,False
264160,99999,SALDUS,Latvia,56.683,22.5,112.0,1955-01-01,2025-08-24,False,input_crop_only,False
264350,99999,SKRIVERI,Latvia,56.65,25.133,83.0,1955-01-01,2025-08-24,False,input_crop_only,False
263260,99999,SKULTE,Latvia,57.317,24.417,10.0,1959-01-01,2025-08-24,False,input_crop_only,False
263180,99999,STENDE,Latvia,57.183,22.55,79.0,1959-01-01,2025-08-24,False,input_crop_only,False
262470,99999,VALGA,Latvia,57.783,26.033,66.0,1959-01-01,2025-08-24,False,input_crop_only,False
264050,99999,VENTSPILS,Latvia,57.35,21.533,6.0,2004-09-05,2025-08-24,False,input_crop_only,False
264360,99999,ZILANI,Latvia,56.517,25.917,109.0,1959-01-01,2025-08-24,False,input_crop_only,False
263390,99999,ZOSENI,Latvia,57.133,25.917,180.0,1995-01-01,2025-08-24,False,input_crop_only,False
265310,99999,BIRZAI,Lithuania,56.2,24.767,51.5,1959-01-01,2025-08-24,False,input_crop_only,False
265470,99999,DUKSTAS,Lithuania,55.517,26.3,168.0,2001-07-05,2025-08-21,False,input_crop_only,False
265020,99999,PALANGA INTL,Lithuania,55.973,21.094,10.1,1959-01-01,2025-08-24,False,input_crop_only,False
265290,99999,PANEVEZYS,Lithuania,55.733,24.417,58.3,1959-01-01,2025-08-21,False,input_crop_only,False
265021,99999,SIAULIAI INTL,Lithuania,55.883,23.383,138.0,2004-01-06,2025-08-24,False,input_crop_only,False
265150,99999,TELSIAI,Lithuania,55.967,22.25,152.0,1959-01-01,2025-08-21,False,input_crop_only,False
266330,99999,UTENA,Lithuania,55.517,25.583,105.7,1959-01-01,2025-08-24,False,input_crop_only,False
265850,99999,BELYJ,Russia,55.85,32.95,222.0,1948-01-01,2025-08-23,False,input_crop_only,True
272420,99999,BUJ,Russia,58.483,41.533,103.0,1946-01-02,2025-08-15,False,input_crop_only,True
271130,99999,CHEREPOVEC,Russia,59.267,38.017,114.0,1955-03-01,2025-08-24,False,input_crop_only,True
370008,99999,DOMODEDOVO,Russia,55.409,37.906,179.2,1999-01-14,2025-08-24,False,input_crop_only,True
227620,99999,DVINSKIJ BEREZNIK,Russia,62.817,42.783,34.0,1959-01-01,2025-08-20,False,input_crop_only,True
226560,99999,EMECK,Russia,63.483,41.8,18.0,1959-01-01,2025-08-24,False,input_crop_only,True
224130,99999,ENGOZERO,Russia,65.783,33.933,80.0,1973-01-03,2025-08-24,False,input_crop_only,True
275070,99999,GAGARIN,Russia,55.517,35.033,194.0,1959-01-01,2025-08-21,False,input_crop_only,True
263780,99999,HOLM,Russia,57.15,31.183,71.0,1946-03-07,2025-08-24,False,input_crop_only,True
225590,99999,HOLMOGORY,Russia,64.217,41.667,12.0,1959-01-01,2025-08-24,False,input_crop_only,True
224080,99999,KALEVALA,Russia,65.217,31.167,120.0,1946-09-01,2025-08-24,False,input_crop_only,True
277030,99999,KALUGA,Russia,54.55,36.367,198.8,1932-01-01,2025-08-24,False,input_crop_only,False
273160,99999,KASIN,Russia,57.35,37.583,138.0,1959-01-01,2025-08-24,False,input_crop_only,True
276270,99999,KASIRA,Russia,54.833,38.15,221.0,1959-08-23,2025-08-24,False,input_crop_only,False
225200,99999,KEM' PORT,Russia,64.983,34.8,8.0,2006-11-21,2025-08-24,False,input_crop_only,True
274170,99999,KLIN,Russia,56.35,36.75,167.0,1984-05-11,2025-08-24,False,input_crop_only,True
225290,99999,KOLEZMA,Russia,64.233,35.883,3.0,1959-01-01,2025-08-24,False,input_crop_only,True
227490,99999,KONEVO,Russia,62.133,39.3,101.3,1959-01-01,2025-08-24,False,input_crop_only,True
229510,99999,KONOSHA,Russia,60.983,40.25,226.5,1959-01-01,2025-08-24,False,input_crop_only,True
273330,99999,KOSTROMA,Russia,57.733,40.783,126.0,1959-01-01,2025-08-22,False,input_crop_only,True
272150,99999,KRASNYY KHOLM,Russia,58.033,37.1,166.6,1988-12-01,2025-08-23,False,input_crop_only,True
276060,99999,MALOJAROSLAVEC,Russia,55.017,36.483,197.0,1960-01-16,2025-08-24,False,input_crop_only,True
278170,99999,MCENSK,Russia,53.383,36.533,201.0,1991-09-11,2025-08-24,False,input_crop_only,False
276120,99999,MOSKVA VDNH (DOLGOPRUDNYJ),Russia,55.833,37.617,200.0,1932-01-01,2025-08-04,False,input_crop_only,True
276110,99999,NARO-FOMINSK,Russia,55.383,36.7,193.0,1959-01-01,2025-08-21,False,input_crop_only,True
228540,99999,NJANDOMA,Russia,61.667,40.183,233.0,1936-12-31,2025-08-24,False,input_crop_only,True
275110,99999,NOVO-JERUSALIM,Russia,55.9,36.817,162.0,1959-01-02,2025-08-22,False,input_crop_only,True
229740,99999,NYUKSENITSA,Russia,60.417,44.217,136.5,1959-01-01,2025-08-24,False,input_crop_only,True
226410,99999,ONEGA,Russia,63.9,38.117,13.0,1946-03-07,2025-08-24,False,input_crop_only,True
264560,99999,OPOCHKA,Russia,56.717,28.717,99.0,1959-01-01,2025-08-24,False,input_crop_only,True
238045,99999,OSTAFYEVO,Russia,55.508,37.505,172.0,2009-07-01,2024-06-18,False,input_crop_only,True
226190,99999,PADANY,Russia,63.267,33.417,128.0,1959-01-01,2025-08-24,False,input_crop_only,True
275230,99999,PAVLOVSKIJ POSAD,Russia,55.767,38.683,135.0,1959-01-01,2025-08-02,False,input_crop_only,True
267840,99999,POCHINOK,Russia,54.417,32.433,201.0,1988-12-01,2025-08-23,False,input_crop_only,False
263590,99999,PUSKINSKIE GORY,Russia,57.017,28.9,108.0,1959-01-01,2025-08-24,False,input_crop_only,True
225250,99999,RAZNAVOLOK,Russia,64.567,34.917,9.0,1948-03-06,2025-08-24,False,input_crop_only,True
226020,99999,REBOLY,Russia,63.833,30.817,182.0,1946-02-01,2025-08-24,False,input_crop_only,True
273290,99999,ROSTOV,Russia,57.2,39.417,101.0,1946-04-01,2025-08-20,False,input_crop_only,True
272250,99999,RYBINSK,Russia,58.1,38.683,105.0,1936-01-01,2025-08-16,False,input_crop_only,True
226210,99999,SEGEZA,Russia,63.767,34.283,112.0,1946-01-09,2025-08-24,False,input_crop_only,True
225460,99999,SEVERODVINSK,Russia,64.55,39.767,7.9,1959-01-01,2025-08-24,False,input_crop_only,True
228690,99999,SHANGALY,Russia,61.133,43.35,117.2,1959-01-01,2025-08-24,False,input_crop_only,True
227680,99999,SHENKURSK,Russia,62.1,42.9,45.0,1932-01-01,2025-08-24,False,input_crop_only,True
275155,99999,SHEREMETYEVO,Russia,55.973,37.415,189.6,1973-01-01,2025-08-24,False,input_crop_only,True
267810,99999,SMOLENSK,Russia,54.75,32.067,239.0,1936-12-31,2025-08-21,False,input_crop_only,False
224290,99999,SOLOVKI,Russia,65.033,35.7,7.4,1959-01-01,2025-08-24,False,input_crop_only,True
267950,99999,SPAS-DEMENSK,Russia,54.417,34.017,238.0,1959-01-01,2025-08-24,False,input_crop_only,False
264990,99999,STARITSA,Russia,56.5,34.933,186.0,2001-09-15,2025-08-24,False,input_crop_only,True
277070,99999,SUHINICHI,Russia,54.1,35.35,238.0,1959-01-01,2025-08-24,False,input_crop_only,False
264620,99999,SUSHCHEVO,Russia,57.0,29.917,108.0,1959-01-01,2024-11-29,False,input_crop_only,True
225500,99999,TALAGI,Russia,64.6,40.717,18.9,1931-01-04,2025-08-24,False,input_crop_only,True
264790,99999,TOROPEC,Russia,56.483,31.633,187.0,1963-12-04,2025-08-24,False,input_crop_only,True
270510,99999,TOTMA,Russia,59.967,42.767,134.0,1936-12-31,2025-08-24,False,input_crop_only,True
277190,99999,TULA,Russia,54.233,37.617,203.0,1959-01-01,2025-08-24,False,input_crop_only,False
226480,99999,TURCASOVO,Russia,63.117,39.233,34.0,1959-01-01,2025-08-24,False,input_crop_only,True
274020,99999,TVER',Russia,56.883,35.867,137.0,1946-01-01,2025-08-24,False,input_crop_only,True
273210,99999,UGLIC,Russia,57.5,38.3,122.0,1932-01-01,2025-08-20,False,input_crop_only,True
225410,99999,UNSKIJ MAJAK,Russia,64.833,38.4,5.0,1959-01-01,2025-08-24,False,input_crop_only,True
278210,99999,UZLOVAJA,Russia,54.0,38.133,231.0,2003-10-11,2025-08-23,False,input_crop_only,False
228670,99999,VEL'SK,Russia,61.083,42.067,91.0,1932-01-01,2025-08-24,False,input_crop_only,True
264770,99999,VELIKIE LUKI,Russia,56.35,30.62,106.0,1932-01-01,2025-08-24,False,input_crop_only,True
265780,99999,VELIZH,Russia,55.617,31.183,166.0,1959-08-03,2025-08-04,False,input_crop_only,True
227780,99999,VERHNJAJA TOJMA,Russia,62.233,45.017,58.0,1959-01-01,2025-08-24,False,input_crop_only,True
266950,99999,VJAZ'MA,Russia,55.167,34.4,251.0,1946-01-01,2025-08-05,False,input_crop_only,True
275185,99999,VNUKOVO,Russia,55.592,37.261,208.8,1973-01-01,2025-08-24,False,input_crop_only,True
270370,99999,VOLOGDA,Russia,59.233,39.867,131.0,1932-01-01,2025-08-24,False,input_crop_only,True
229540,99999,VOZEGA,Russia,60.467,40.2,202.0,1948-01-01,2025-08-24,False,input_crop_only,True
224380,99999,ZIZGIN,Russia,65.2,36.817,17.0,1955-07-01,2025-08-24,False,input_crop_only,True
022970,99999,BJUROKLUBB,Sweden,64.483,21.583,43.0,2001-06-01,2025-08-19,False,input_crop_only,False
025870,99999,FAROSUND-AR,Sweden,57.917,18.95,13.0,2001-07-01,2025-08-23,False,input_crop_only,False
025890,99999,GOTSKA SANDON,Sweden,58.4,19.2,17.0,2001-07-01,2024-09-26,False,input_crop_only,False
021970,99999,HAPARANDA,Sweden,65.817,24.117,16.0,2008-10-27,2025-08-06,False,input_crop_only,False
022870,99999,HOLMON,Sweden,63.8,20.867,8.0,2005-07-24,2025-08-21,False,input_crop_only,False
021860,99999,KALLAX / LULEA,Sweden,65.544,22.122,19.8,1977-07-01,2025-08-24,False,input_crop_only,False
028630,99999,KEMI I LIGHTHOUSE,Sweden,65.383,24.1,19.0,2004-02-13,2025-08-24,False,input_crop_only,False
021850,99999,LULEA-KALLAX,Sweden,65.55,22.133,34.0,2001-04-02,2024-10-09,False,input_crop_only,False
025980,99999,OSTERGARNSHOLM,Sweden,57.433,18.983,5.0,2001-07-01,2025-06-03,False,input_crop_only,False
021810,99999,OVERKALIX SVARTBYN,Sweden,66.267,22.85,62.0,1996-08-01,2025-08-17,False,input_crop_only,False
021840,99999,PAHAROVA,Sweden,66.817,22.333,229.0,2001-07-01,2025-02-05,False,input_crop_only,False
021760,99999,PITE-RONNSKAR,Sweden,65.033,21.567,4.0,1997-09-01,2025-07-25,False,input_crop_only,False
021880,99999,RODKALLEN,Sweden,65.317,22.383,2.0,1973-01-01,2025-08-17,False,input_crop_only,False
021910,99999,STORON,Sweden,65.7,23.1,4.0,2001-07-01,2025-07-24,False,input_crop_only,False
021990,99999,YLINENJARVI,Sweden,66.617,23.467,132.0,2001-07-01,2025-07-29,False,input_crop_only,False
027410,99999,JOMALA JOMLABY,Åland,60.183,19.983,11.0,2008-01-16,2025-08-24,False,input_crop_only,False
029790,99999,KOKAR BOGSKAR,Åland,59.5,20.35,16.0,2004-08-03,2025-03-21,False,input_crop_only,False
027900,99999,KUMLINGE KK,Åland,60.25,20.75,22.5,2003-03-30,2025-08-24,False,input_crop_only,False
029800,99999,LEMLAND NYHAMN,Åland,59.967,19.95,10.0,1973-01-01,2025-08-24,False,input_crop_only,False
029700,99999,MARIEHAMN,Åland,60.122,19.898,5.2,1917-01-01,2025-08-24,False,input_crop_only,False
261440,99999,JOGEVA,Estonia,58.75,26.417,71.0,2001-09-19,2025-08-24,True,target,False
260460,99999,JOHVI,Estonia,59.333,27.383,75.0,1959-01-01,2025-08-24,True,target,False
260450,99999,KUNDA,Estonia,59.517,26.55,3.0,1959-01-01,2025-08-24,True,target,False
261340,99999,KUUSIKU,Estonia,58.967,24.733,52.0,1969-01-01,2025-08-24,True,target,False
260380,99999,LENNART MERI TALLINN,Estonia,59.413,24.833,39.9,1953-02-16,2025-08-24,True,target,False
260580,99999,NARVA-JOESUU,Estonia,59.389,28.117,29.9,1959-01-01,2025-08-24,True,target,False
260381,99999,PARNU,Estonia,58.417,24.467,47.0,2004-07-13,2025-08-24,True,target,False
262420,99999,TARTU,Estonia,58.307,26.69,66.8,1948-01-01,2025-08-24,True,target,False
261450,99999,TILRIKOJA,Estonia,58.867,26.95,34.0,1955-01-01,2025-08-24,True,target,False
261350,99999,TURI,Estonia,58.817,25.417,65.0,1955-01-01,2025-08-24,True,target,False
261410,99999,VALKE-MAARJA,Estonia,59.133,26.233,123.0,1962-12-11,2025-08-24,True,target,False
262330,99999,VILJANDI,Estonia,58.367,25.6,86.0,1959-01-01,2025-08-24,True,target,False
027680,99999,HEINOLA ASEMANTAUS,Finland,61.2,26.05,92.0,2008-01-15,2025-08-24,True,target,False
029390,99999,ILOMANTSI MEKRIJARVI,Finland,62.767,30.983,156.5,2003-03-30,2025-08-24,True,target,False
029290,99999,JOENSUU,Finland,62.663,29.608,121.3,1952-01-01,2025-08-24,True,target,False
027710,99999,JOUTSA LEIVONMAKI SAVENAHO,Finland,61.883,26.1,146.0,2008-01-15,2025-08-24,True,target,False
027910,99999,JUUKA NIEMELA,Finland,63.233,29.233,115.0,2008-01-15,2025-08-24,True,target,False
027360,99999,JUVA PARTALA,Finland,61.9,27.883,111.5,2009-07-01,2025-08-24,True,target,False
029670,99999,KOTKA HAAPASAARI,Finland,60.283,27.183,5.5,2004-08-03,2025-08-24,True,target,False
029760,99999,KOTKA RANKKI,Finland,60.383,26.967,13.1,1952-01-01,2025-08-24,True,target,False
028300,99999,KOUVOLA ANJALA,Finland,60.7,26.817,33.0,2008-01-15,2025-08-24,True,target,False
029170,99999,KUOPIO,Finland,63.007,27.798,98.5,1906-01-01,2025-08-24,True,target,False
027880,99999,KUOPIO MAANINKA,Finland,63.15,27.317,91.3,2008-01-15,2025-08-24,True,target,False
027320,99999,KUOPIO RITONIEMI,Finland,62.8,27.9,87.0,2009-07-01,2025-08-24,True,target,False
029650,99999,LAHTI LAUNE,Finland,60.967,25.633,78.7,1973-01-01,2025-08-17,True,target,False
029580,99999,LAPPEENRANTA,Finland,61.045,28.144,106.4,1973-01-01,2025-08-24,True,target,False
029190,99999,LAPPEENRANTA HIEKKAPAKKA,Finland,61.2,28.467,77.0,1973-01-01,2025-08-24,True,target,False
027330,99999,LAPPEENRANTA KONNUNSUO,Finland,61.033,28.567,46.4,2009-07-01,2025-08-24,True,target,False
027960,99999,LIEKSA LAMPELA,Finland,63.317,30.05,98.0,2008-01-15,2025-08-24,True,target,False
027930,99999,LIPERI TUISKAVANLUOTO,Finland,62.55,29.667,79.5,2008-01-15,2025-08-24,True,target,False
029920,99999,LOVIISA ORRENGRUND,Finland,60.283,26.45,3.5,2004-08-03,2025-08-24,True,target,False
029470,99999,MIKKELI,Finland,61.687,27.202,100.3,1973-01-01,2025-08-24,True,target,False
027340,99999,PARIKKALA KOITSANLAHTI,Finland,61.45,29.467,75.0,2009-07-01,2025-08-24,True,target,False
029910,99999,PORVOO EMASALO,Finland,60.2,25.633,27.1,2004-08-03,2025-08-24,True,target,False
027590,99999,PORVOO HARABACKA,Finland,60.4,25.6,23.5,2008-01-16,2025-08-24,True,target,False
029870,99999,PORVOO KALLBADAGRUND,Finland,59.983,25.6,23.3,1982-10-01,2025-08-24,True,target,False
027720,99999,RANTASALMI RUKKASLUOTO,Finland,62.067,28.567,80.0,2008-01-15,2025-08-24,True,target,False
027890,99999,RAUTAVAARA YLA-LUOSTA,Finland,63.383,28.667,165.5,2008-01-16,2025-08-24,True,target,False
029480,99999,SAVONLINNA,Finland,61.943,28.945,94.8,1984-08-13,2025-08-24,True,target,False
027780,99999,SAVONLINNA PUNKAHARJU,Finland,61.8,29.317,79.5,2008-01-15,2025-08-24,True,target,False
028320,99999,TOHMAJARVI KEMIE,Finland,62.233,30.35,90.0,2008-01-15,2025-08-24,True,target,False
029660,99999,UTTI,Finland,60.896,26.938,103.3,1973-01-01,2025-08-24,True,target,False
027980,99999,VALTIMO KK,Finland,63.667,28.833,115.0,2008-01-15,2025-08-24,True,target,False
028340,99999,VIEREMA KAARAKKALA,Finland,63.833,27.217,207.6,2008-01-16,2025-08-24,True,target,False
028310,99999,VIROLAHTI KOIVUNIEMI,Finland,60.533,27.667,5.0,2008-01-15,2025-08-24,True,target,False
270080,99999,BABAEVO,Russia,59.4,35.9,137.0,1936-12-31,2025-08-24,True,target,True
260690,99999,BELOGORKA,Russia,59.35,30.133,90.0,1959-01-01,2025-08-24,True,target,True
229390,99999,BELOZERSK,Russia,60.017,37.75,131.0,1932-01-01,2025-08-24,True,target,True
262980,99999,BOLOGOE,Russia,57.9,34.03,188.0,1959-08-07,2025-08-18,True,target,True
262910,99999,BOROVICI,Russia,58.417,33.9,89.0,1959-01-01,2025-08-24,True,target,True
263810,99999,DEMJANSK,Russia,57.65,32.467,62.0,1959-01-01,2025-08-24,True,target,True
262680,99999,DNO,Russia,57.817,29.95,71.0,1936-12-31,2025-08-24,True,target,True
260990,99999,EFIMOVSKAJA,Russia,59.5,34.7,176.0,1959-01-01,2025-08-24,True,target,True
261570,99999,GDOV,Russia,58.733,27.833,40.0,1936-12-31,2025-08-24,True,target,True
228450,99999,KARGOPOL',Russia,61.5,38.933,126.0,1959-01-01,2025-08-24,True,target,True
260590,99999,KINGISEPP,Russia,59.367,28.6,19.0,1948-01-01,2025-08-24,True,target,True
260800,99999,KIRISHI,Russia,59.45,32.033,26.0,1983-10-02,2025-08-24,True,target,True
227270,99999,KONDOPOGA,Russia,62.167,34.3,38.0,1959-01-01,2025-08-24,True,target,True
262850,99999,KRESTCY,Russia,58.267,32.533,63.0,1959-01-01,2025-08-24,True,target,True
260780,99999,LJUBAN',Russia,59.35,31.233,39.0,1948-01-01,2025-08-24,True,target,True
229130,99999,LODEJNOE POLE,Russia,60.717,33.55,23.0,1959-01-01,2025-08-24,True,target,True
272080,99999,MAKSATIKHA,Russia,57.8,35.883,142.0,1988-12-01,2025-08-24,True,target,True
227210,99999,MEDVEZEGORSK,Russia,62.917,34.433,81.0,1948-01-01,2025-08-24,True,target,True
261670,99999,NIKOLAEVSKOE,Russia,58.567,29.8,91.0,1955-03-01,2025-08-24,True,target,True
229170,99999,NOVAJA LADOGA,Russia,60.117,32.317,9.0,1959-01-01,2025-08-24,True,target,True
261790,99999,NOVGOROD,Russia,58.517,31.25,24.0,1932-01-01,2025-08-24,True,target,True
271080,99999,OHONY,Russia,58.567,35.633,145.0,1959-01-01,2025-08-24,True,target,True
229120,99999,OLONEC,Russia,60.983,32.983,12.0,1959-01-01,2025-08-24,True,target,True
263890,99999,OSTASKOV,Russia,57.133,33.117,218.0,1959-01-02,2025-08-22,True,target,True
228200,99999,PETROZAVODSK,Russia,61.817,34.267,110.0,1932-01-01,2025-08-24,True,target,True
262580,99999,PSKOV,Russia,57.784,28.396,46.9,1953-02-16,2025-08-24,True,target,True
228310,99999,PUDOZ,Russia,61.8,36.583,44.0,1947-10-02,2025-08-24,True,target,True
260630,99999,PULKOVO,Russia,59.8,30.263,24.1,1931-04-01,2025-08-24,True,target,True
260720,99999,SHLISSEL'BURG,Russia,59.933,31.0,17.0,1959-01-01,2025-08-24,True,target,True
228020,99999,SORTAVALA,Russia,61.717,30.717,19.0,1917-01-01,2025-08-24,True,target,True
262750,99999,STARAYA RUSSA,Russia,58.017,31.317,25.0,1955-01-01,2025-08-24,True,target,True
262640,99999,STRUGI KRASNYE,Russia,58.267,29.1,129.0,1959-01-01,2025-07-05,True,target,True
227170,99999,SUOYARVI,Russia,62.1,32.383,156.0,1959-01-01,2025-08-24,True,target,True
260940,99999,TIHVIN,Russia,59.65,33.55,61.0,1932-01-01,2025-08-24,True,target,True
271060,99999,USTYUZHNA,Russia,58.85,36.433,125.0,1959-01-01,2025-08-24,True,target,True
228050,99999,VALAAM,Russia,61.367,30.883,16.0,1959-01-01,2025-08-24,True,target,True
229250,99999,VINNICY,Russia,60.633,34.783,111.0,1959-01-01,2025-08-24,True,target,True
260670,99999,VOLOSOVO,Russia,59.433,29.5,129.0,1959-01-01,2025-08-21,True,target,True
228920,99999,VYBORG,Russia,60.717,28.733,13.0,1906-01-01,2025-08-24,True,target,True
263930,99999,VYSNIJ VOLOCEK,Russia,57.55,34.567,169.0,1932-01-01,2025-08-19,True,target,True
228370,99999,VYTEGRA,Russia,61.017,36.45,56.0,1932-01-12,2025-08-24,True,target,True
