sid,n,era5,cerra,headroom,name,country,elev,offset_km,era5_offset_km
02732099999,2916.0,1.0048787328463804,0.6565303903739793,0.3483483424724011,KUOPIO RITONIEMI,Finland,87.0,1.0081486104636113,7.749408176713321
02733099999,2899.0,1.4959969798698,1.069020374281999,0.42697660558780104,LAPPEENRANTA KONNUNSUO,Finland,46.4,2.0308622561662064,5.2535028161227215
02734099999,2908.0,1.3684528213772427,0.8477476280940378,0.5207051932832049,PARIKKALA KOITSANLAHTI,Finland,75.0,2.3069716297619154,5.960363515887215
02736099999,2915.0,0.9578574778128846,0.6632083145705109,0.29464916324237367,JUVA PARTALA,Finland,111.5,1.933958726246706,13.002590999475947
02759099999,2913.0,0.9066745034744398,0.7610226318047418,0.14565187166969795,PORVOO HARABACKA,Finland,23.5,3.06901317002892,12.626404249878426
02768099999,2912.0,1.0839147626516357,0.6703811732054333,0.41353358944620233,HEINOLA ASEMANTAUS,Finland,92.0,2.629954255361157,6.302635979918473
02771099999,2910.0,1.1647398768704502,0.795240877377946,0.3694989994925042,JOUTSA LEIVONMAKI SAVENAHO,Finland,146.0,2.192545757587913,14.365167816775573
02772099999,2916.0,1.3267534497077755,0.8150876204832063,0.5116658292245693,RANTASALMI RUKKASLUOTO,Finland,80.0,1.433853078892551,8.433450332004432
02778099999,2911.0,1.1488526683294555,1.3659272626621444,-0.21707459433268883,SAVONLINNA PUNKAHARJU,Finland,79.5,1.687630148463201,6.7385533232551165
02788099999,2913.0,1.0452507453302717,0.6984892751643605,0.3467614701659112,KUOPIO MAANINKA,Finland,91.3,2.087360727504464,11.969409842241063
02789099999,2894.0,1.1303940275023008,0.8930727471546424,0.23732128034765843,RAUTAVAARA YLA-LUOSTA,Finland,165.5,2.361850563967696,14.080899649878912
02791099999,2912.0,2.1126702760940197,1.0562430311180147,1.056427244976005,JUUKA NIEMELA,Finland,115.0,2.690260830334932,2.1366166835428317
02793099999,2913.0,1.3149847045158916,0.8376326779879049,0.4773520265279867,LIPERI TUISKAVANLUOTO,Finland,79.5,2.7533906360221416,7.1930865745814145
02796099999,2915.0,1.2711537930238095,0.8857574181308557,0.38539637489295375,LIEKSA LAMPELA,Finland,98.0,2.3979970968979267,8.100740126894824
02798099999,2912.0,1.001106973794349,0.7298497461135441,0.27125722768080485,VALTIMO KK,Finland,115.0,2.71448490215758,10.427895507445992
02830099999,2914.0,0.8706021419751598,0.8745726477663535,-0.003970505791193624,KOUVOLA ANJALA,Finland,33.0,2.656002149602985,6.776293289807737
02831099999,2913.0,1.594618942710384,1.3055758049624469,0.2890431377479372,VIROLAHTI KOIVUNIEMI,Finland,5.0,1.604365743416515,5.948235565204279
02832099999,2898.0,1.2921912921150163,0.9092389292202009,0.3829523628948154,TOHMAJARVI KEMIE,Finland,90.0,2.613755004256358,5.655499787372206
02834099999,2916.0,1.3714449274117153,0.9601617451473231,0.4112831822643922,VIEREMA KAARAKKALA,Finland,207.6,1.9394636888215728,9.68447306903472
02917099999,2881.0,0.9546578991073771,0.6540927823003001,0.300565116807077,KUOPIO,Finland,98.5,0.8930999026862467,2.619752272811708
02919099999,2916.0,1.155346854476218,0.844288647812533,0.311058206663685,LAPPEENRANTA HIEKKAPAKKA,Finland,77.0,1.7886473196247443,5.958647247669825
02929099999,2857.0,0.9399567833456275,0.8112002601292947,0.1287565232163328,JOENSUU,Finland,121.3,1.9648694226921892,11.443309480003752
02939099999,2907.0,1.002603518607539,0.7862642109917348,0.21633930761580422,ILOMANTSI MEKRIJARVI,Finland,156.5,1.6814394158252586,2.137699667406744
02947099999,2911.0,1.3431331035442486,0.8820206653056941,0.4611124382385545,MIKKELI,Finland,100.3,2.1132485487979213,7.622870606294048
02948099999,2877.0,1.2494442007766757,0.7553008505485284,0.49414335022814737,SAVONLINNA,Finland,94.8,2.563329424181601,7.130549291527431
02958099999,2889.0,0.9074310868047312,0.6739110973056487,0.23351998949908248,LAPPEENRANTA,Finland,106.4,1.7574106126601303,7.748938502956089
02966099999,2865.0,0.8451683488624446,0.640895135995474,0.20427321286697064,UTTI,Finland,103.3,1.9566328966240976,12.283755964919573
02967099999,2914.0,0.8888029809033993,0.8535305769855237,0.03527240391787556,KOTKA HAAPASAARI,Finland,5.5,2.5839579503334558,5.299743940635763
02976099999,2838.0,1.2540081949342725,1.1561249572544936,0.09788323767977891,KOTKA RANKKI,Finland,13.1,2.7617824861720157,13.376429915712746
02987099999,2485.0,0.8573402269833993,0.9370613971800942,-0.07972117019669489,PORVOO KALLBADAGRUND,Finland,23.3,1.835534242447333,5.97193735491131
02991099999,2904.0,1.2271543863386716,0.780153462011555,0.4470009243271166,PORVOO EMASALO,Finland,27.1,3.3587813556224364,8.673270953720685
02992099999,2915.0,0.9712998729261837,1.0546228910772446,-0.08332301815106091,LOVIISA ORRENGRUND,Finland,3.5,1.9182601531477912,4.671361133697513
22717099999,741.0,1.3540278470499145,1.2828201461344402,0.07120770091547435,SUOYARVI,Russia,156.0,1.985838591191506,12.998350138418239
22721099999,2900.0,1.1615833743713837,0.745934949409688,0.41564842496169574,MEDVEZEGORSK,Russia,81.0,2.25471505205184,10.118525227999488
22727099999,737.0,1.076558142071455,0.8571876212440704,0.2193705208273845,KONDOPOGA,Russia,38.0,2.645642550923499,9.832557402464275
22802099999,2896.0,1.2544920001883255,0.8536118514869252,0.4008801487014003,SORTAVALA,Russia,19.0,2.2506780108344566,4.155835649817929
22805099999,2197.0,1.8475466075421367,1.4863350539196636,0.36121155362247315,VALAAM,Russia,16.0,0.9429832613620712,14.745762636860055
22820099999,2917.0,1.1341620928469671,0.8633983274334368,0.2707637654135303,PETROZAVODSK,Russia,110.0,3.203111491688335,7.6820165707155565
22831099999,2912.0,1.3777559746766255,0.8631424863932902,0.5146134882833353,PUDOZ,Russia,44.0,1.341596265840844,7.236324843238012
22837099999,1430.0,1.0084354838596048,0.7798838210406355,0.22855166281896933,VYTEGRA,Russia,56.0,2.7095608203598585,3.359288707022312
22845099999,2912.0,0.9275465760668512,0.6722500580464392,0.255296518020412,KARGOPOL',Russia,126.0,3.4484978602965928,3.635128075089641
22892099999,2912.0,1.1375912905290715,0.9072976718099048,0.23029361871916665,VYBORG,Russia,13.0,2.111979876876233,3.857726544846444
22912099999,2198.0,1.6006004938402643,0.9324492526031666,0.6681512412370977,OLONEC,Russia,12.0,2.2425378152371365,2.1439125288148695
22913099999,2899.0,1.2816654269637509,0.9576816735380989,0.323983753425652,LODEJNOE POLE,Russia,23.0,3.175787619434664,4.65538935647329
22917099999,2900.0,1.1086887466824558,0.7576167541291773,0.3510719925532785,NOVAJA LADOGA,Russia,9.0,1.5200304717005282,13.760385444060432
22925099999,2889.0,1.1201181684369383,0.7046988278561601,0.41541934058077823,VINNICY,Russia,111.0,1.5094709436065674,13.386941474963923
22939099999,2906.0,1.1818340838531831,0.730755413169768,0.4510786706834151,BELOZERSK,Russia,131.0,2.9154814487009344,1.9220545112607532
26038099999,2909.0,1.0361780533307867,1.036893930857331,-0.0007158775265443396,LENNART MERI TALLINN,Estonia,39.9,1.424120906269217,10.91111259179451
26038199999,897.0,0.9714020223882389,0.5654420256105277,0.4059599967777112,PARNU,Estonia,47.0,0.8935722714673477,9.53781404819777
26045099999,2911.0,1.2336849294070453,1.0897408709412664,0.14394405846577896,KUNDA,Estonia,3.0,1.2781288768751138,3.4470120792942716
26046099999,2909.0,1.342739079561699,0.8567786912277578,0.48596038833394106,JOHVI,Estonia,75.0,3.150930877518272,11.534977451292116
26058099999,2910.0,1.630875820360757,0.8282810887302374,0.8025947316305195,NARVA-JOESUU,Estonia,29.9,2.3431250803633046,14.21099999493385
26059099999,2908.0,0.9472369526878022,0.7719779385555299,0.1752590141322723,KINGISEPP,Russia,19.0,2.6353545381626318,14.398425516723492
26063099999,2916.0,1.736458870027274,1.4404265571769137,0.29603231285036036,PULKOVO,Russia,24.1,2.038807234093115,5.696730771719078
26069099999,2900.0,1.0458536968415435,0.7701005424770013,0.2757531543645422,BELOGORKA,Russia,90.0,0.573352575215791,13.13849098781427
26072099999,2910.0,1.0332231151760285,0.7363447892559417,0.2968783259200868,SHLISSEL'BURG,Russia,17.0,0.5899410752080447,7.574047920692499
26078099999,2851.0,0.8623001545449358,0.6960184297625742,0.16628172478236158,LJUBAN',Russia,39.0,1.9902074044335611,11.321809117736198
26080099999,2908.0,0.9591146356074759,0.8130759472870632,0.14603868832041267,KIRISHI,Russia,26.0,2.001989377994616,5.9515227216194715
26094099999,2898.0,1.0911309067708106,0.8491507951302968,0.2419801116405138,TIHVIN,Russia,61.0,0.561814202568659,11.648068972531695
26099099999,2834.0,1.0028725861902619,0.6924406997987449,0.310431886391517,EFIMOVSKAJA,Russia,176.0,1.3814604824044432,2.864224338677706
26134099999,2910.0,0.8423386349637394,0.7415048784920928,0.10083375647164661,KUUSIKU,Estonia,52.0,1.905273358824994,3.847280713347396
26135099999,2874.0,0.792783305695089,0.6179220116892168,0.17486129400587225,TURI,Estonia,65.0,2.2588638497977014,8.966335671625432
26141099999,2873.0,0.8867225364827896,0.7440845665368849,0.14263796994590472,VALKE-MAARJA,Estonia,123.0,1.68630998748516,13.228824467437482
26144099999,2908.0,0.8013753279696445,0.6911218301692157,0.11025349780042881,JOGEVA,Estonia,71.0,2.997613854477101,4.848437524403928
26145099999,2912.0,1.3626154896193854,1.7941655884414298,-0.4315500988220444,TILRIKOJA,Estonia,34.0,3.160850673555139,13.495622016189927
26157099999,2887.0,1.7574506888272636,0.8782409739162861,0.8792097149109775,GDOV,Russia,40.0,1.5553864101591566,5.2136121793297265
26167099999,2899.0,1.0829943338472727,0.8520207529360905,0.23097358091118225,NIKOLAEVSKOE,Russia,91.0,3.120632026990834,8.091389209318173
26179099999,2849.0,1.1072238217527568,0.7325106723620616,0.3747131493906952,NOVGOROD,Russia,24.0,2.571308516541577,1.9128742967766375
26233099999,2908.0,0.8146893247502346,0.708237784518328,0.10645154023190662,VILJANDI,Estonia,86.0,0.5512064006235861,14.42306152053171
26242099999,2905.0,0.793091762336327,0.7808786272070025,0.012213135129324537,TARTU,Estonia,66.8,3.1276939030198743,7.32576058368855
26258099999,2917.0,1.0633989437584435,0.8000204944479561,0.2633784493104874,PSKOV,Russia,46.9,1.4845295889773742,7.305832213978955
26268099999,796.0,1.1273900517783475,0.8288631017597337,0.29852695001861385,DNO,Russia,71.0,2.5407504713221507,8.097520422926516
26275099999,2892.0,0.9452040365454848,0.750617104044511,0.1945869325009738,STARAYA RUSSA,Russia,25.0,2.346898391521979,4.422339583340243
26285099999,760.0,0.8849923896636248,0.6631131467287049,0.2218792429349199,KRESTCY,Russia,63.0,2.098406240257516,2.732132521608812
26291099999,1968.0,0.9561922074966749,0.6425363650039813,0.3136558424926936,BOROVICI,Russia,89.0,2.120957070842311,11.037901458884885
26298099999,1375.0,0.8216366173780348,0.5801201967752619,0.2415164206027729,BOLOGOE,Russia,188.0,0.9733270654414312,11.376167610151512
26381099999,753.0,1.103849275329958,0.8680992985866136,0.2357499767433444,DEMJANSK,Russia,62.0,3.672530051839432,11.400512734066135
26389099999,1332.0,0.7164848331531816,0.5305179125430033,0.18596692061017828,OSTASKOV,Russia,218.0,2.091638920097018,14.921333066449398
26393099999,1339.0,0.8391752018494317,0.6788663853255168,0.16030881652391493,VYSNIJ VOLOCEK,Russia,169.0,1.671734165412631,6.912555835708093
27008099999,1412.0,1.000365995775752,0.691972054698936,0.30839394107681606,BABAEVO,Russia,137.0,2.67222737560262,12.658994608844718
27106099999,1089.0,1.0222089059516841,0.8139991340692014,0.20820977188248269,USTYUZHNA,Russia,125.0,1.363128382182482,11.920929155397923
27108099999,836.0,0.8975432362382818,0.6354349685845503,0.2621082676537315,OHONY,Russia,145.0,1.8200048482107476,10.201858008769397
27208099999,1404.0,0.7789742696937006,0.5438655641755287,0.23510870551817198,MAKSATIKHA,Russia,142.0,2.306276315731933,8.978304663996648
